Game,Total Money Earned,Total Money Earned Percentage,Team
Apex Legends,"$70,244.00",0.19%,Team Liquid
Arena FPS,"$548,961.00",1.46%,Team Liquid
Arena of Valor,$0.00,0.00%,Team Liquid
Artifact,"$12,704.82",0.03%,Team Liquid
Call of Duty,"$26,250.00",0.07%,Team Liquid
Clash Royale,"$285,649.77",0.76%,Team Liquid
Counter-Strike,"$4,994,175.35",13.31%,Team Liquid
Dota 2,"$23,031,431.10",61.40%,Team Liquid
FIFA,$840.00,0.00%,Team Liquid
Fortnite,"$1,351,625.00",3.60%,Team Liquid
Free Fire,"$10,335.82",0.03%,Team Liquid
Halo,"$335,900.00",0.90%,Team Liquid
Hearthstone,"$454,266.89",1.21%,Team Liquid
Heroes of the Storm,"$433,315.75",1.16%,Team Liquid
League of Legends,"$1,054,963.50",2.81%,Team Liquid
League of Legends (TL Academy),"$45,500.00",0.12%,Team Liquid
Magic: The Gathering,"$96,500.00",0.26%,Team Liquid
Overwatch,"$36,216.00",0.10%,Team Liquid
PUBG,"$1,038,562.58",2.77%,Team Liquid
Rainbow Six,"$1,031,349.62",2.75%,Team Liquid
Rocket League,"$29,300.00",0.08%,Team Liquid
StarCraft,"$1,576,364.84",4.20%,Team Liquid
Street Fighter,"$328,350.28",0.88%,Team Liquid
Super Smash Bros.,"$500,444.26",1.33%,Team Liquid
Teamfight Tactics,"$31,525.00",0.08%,Team Liquid
Tekken,"$22,080.86",0.06%,Team Liquid
Valorant,"$162,621.08",0.43%,Team Liquid
CS:GO,"$626,750.00",1.81%,OG
Dota 2,"$33,864,526.13",98.01%,OG
Dota 2 (Seed),"$52,600.00",0.15%,OG
Super Smash Bros,"$6,847.46",0.02%,OG
VALORANT,$0.00,0.00%,OG
Artifact,"$2,025.00",0.01%,Evil Geniuses
Call of Duty,"$917,740.10",3.72%,Evil Geniuses
Call of Duty 4,"$28,050.01",0.11%,Evil Geniuses
Counter-Strike,"$220,686.74",0.89%,Evil Geniuses
CS:GO,"$978,950.00",3.97%,Evil Geniuses
CS:Source,"$13,500.00",0.05%,Evil Geniuses
DotA,"$3,040.24",0.01%,Evil Geniuses
Dota 2,"$20,246,670.62",82.08%,Evil Geniuses
Duel FPS,"$73,002.13",0.30%,Evil Geniuses
Fighting Games,"$355,202.28",1.44%,Evil Geniuses
Fortnite,$800.00,0.00%,Evil Geniuses
Gwent,"$9,439.98",0.04%,Evil Geniuses
Halo,"$317,500.00",1.29%,Evil Geniuses
Heroes of Newerth,"$3,000.00",0.01%,Evil Geniuses
League of Legends,"$55,900.00",0.23%,Evil Geniuses
League of Legends (EG Academy),"$26,000.00",0.11%,Evil Geniuses
League of Legends (EG Prodigies),"$10,500.00",0.04%,Evil Geniuses
Overwatch,$0.00,0.00%,Evil Geniuses
PUBG,"$2,000.00",0.01%,Evil Geniuses
Rainbow Six  Siege,"$370,892.86",1.50%,Evil Geniuses
Rocket League,"$105,012.50",0.43%,Evil Geniuses
StarCraft / StarCraft 2,"$785,480.90",3.18%,Evil Geniuses
Team Fortress 2,$0.00,0.00%,Evil Geniuses
VALORANT,$750.00,0.00%,Evil Geniuses
WarCraft 3,"$80,795.13",0.33%,Evil Geniuses
World of WarCraft,"$61,400.00",0.25%,Evil Geniuses
Apex Legends,"$27,975.00",0.17%,Fnatic
Battlefield 4,"$93,092.44",0.57%,Fnatic
Call of Duty,"$114,024.94",0.70%,Fnatic
Clash Royale,"$25,000.00",0.15%,Fnatic
Counter-Strike,"$906,191.61",5.58%,Fnatic
Counter-Strike (FNC Ladies),"$15,500.00",0.10%,Fnatic
CS: Source,"$30,742.01",0.19%,Fnatic
CS:GO,"$4,590,237.80",28.24%,Fnatic
CS:GO (Rising),"$132,904.57",0.82%,Fnatic
DotA,"$4,794.79",0.03%,Fnatic
Dota 2,"$4,147,469.64",25.52%,Fnatic
Dota 2 (Fnatic NA),"$2,000.00",0.01%,Fnatic
FIFA,"$153,705.56",0.95%,Fnatic
FIFA (Fnatic Roma),"$112,146.85",0.69%,Fnatic
Fighting Games,"$33,118.31",0.20%,Fnatic
Fortnite,"$161,630.00",0.99%,Fnatic
Halo,"$40,600.00",0.25%,Fnatic
Hearthstone,"$2,112.34",0.01%,Fnatic
Heroes of Newerth,"$160,897.13",0.99%,Fnatic
Heroes of the Storm,"$931,148.76",5.73%,Fnatic
League of Legends,"$2,816,087.84",17.33%,Fnatic
League of Legends (FNC Academy),"$14,049.75",0.09%,Fnatic
League of Legends (FNC Beta),"$1,282.25",0.01%,Fnatic
League of Legends (FNC Rising),"$70,286.60",0.43%,Fnatic
Overwatch,"$63,939.34",0.39%,Fnatic
Painkiller,"$340,200.00",2.09%,Fnatic
Paladins,"$121,339.25",0.75%,Fnatic
PUBG (Mobile),"$11,420.00",0.07%,Fnatic
Quake,"$45,650.00",0.28%,Fnatic
Rainbow Six,"$370,043.39",2.28%,Fnatic
Rocket League,"$57,285.36",0.35%,Fnatic
ShootMania,"$45,472.12",0.28%,Fnatic
SMITE,"$115,750.00",0.71%,Fnatic
StarCraft II,"$237,224.37",1.46%,Fnatic
Unreal Tournament,"$43,606.10",0.27%,Fnatic
Vainglory,"$7,000.00",0.04%,Fnatic
VALORANT,"$143,118.73",0.88%,Fnatic
WarCraft III,"$43,346.86",0.27%,Fnatic
World of Tanks,$0.00,0.00%,Fnatic
World of WarCraft,"$20,850.00",0.13%,Fnatic
Apex Legends,"$16,840.00",0.10%,Virtus.pro
Artifact,"$1,819.36",0.01%,Virtus.pro
Counter-Strike,"$364,412.09",2.27%,Virtus.pro
CS:GO,"$4,086,690.63",25.46%,Virtus.pro
Dota 2,"$10,061,899.06",62.68%,Virtus.pro
Dota 2 (VP.Prodigy),"$186,086.05",1.16%,Virtus.pro
Fortnite,"$315,361.47",1.96%,Virtus.pro
Hearthstone,"$300,120.06",1.87%,Virtus.pro
Heroes of the Storm,"$35,721.36",0.22%,Virtus.pro
League of Legends,"$84,951.20",0.53%,Virtus.pro
Paladins,"$62,500.00",0.39%,Virtus.pro
PUBG,"$172,648.00",1.08%,Virtus.pro
Quake,"$104,652.48",0.65%,Virtus.pro
Rainbow Six,"$119,007.82",0.74%,Virtus.pro
StarCraft II,"$19,234.68",0.12%,Virtus.pro
World of Tanks,"$121,197.00",0.75%,Virtus.pro
Dota 2,"$12,705,063.75",89.31%,Newbee
Dota 2 (Newbee International),"$686,602.00",4.83%,Newbee
Dota 2 (Newbee Young),"$126,737.78",0.89%,Newbee
Dota 2 (Newbee.M),"$5,332.90",0.04%,Newbee
FIFA Online,"$6,000.00",0.04%,Newbee
Fortnite,"$105,100.00",0.74%,Newbee
Hearthstone,"$102,409.46",0.72%,Newbee
Heroes of the Storm,"$9,481.86",0.07%,Newbee
League of Legends,"$67,114.80",0.47%,Newbee
League of Legends (Newbee Young),"$45,036.60",0.32%,Newbee
Overwatch,"$21,590.82",0.15%,Newbee
Overwatch (Newbee.Y),$0.00,0.00%,Newbee
StarCraft 2,"$197,689.43",1.39%,Newbee
WarCraft 3,"$147,226.19",1.03%,Newbee
Arena of Valor,"$289,398.30",2.13%,Vici Gaming
CrossFire,"$335,923.86",2.48%,Vici Gaming
CS:GO (VG.CyberZen),"$281,032.87",2.07%,Vici Gaming
CS:GO (ViCi Gaming),"$477,387.59",3.52%,Vici Gaming
Dota 2,"$8,960,227.06",66.04%,Vici Gaming
Dota 2 (VG Potential),"$32,057.07",0.24%,Vici Gaming
Dota 2 (VG Reborn),"$292,190.70",2.15%,Vici Gaming
Dota 2 (VGJ.Storm),"$1,018,554.00",7.51%,Vici Gaming
Dota 2 (VGJ.Thunder),"$1,011,261.09",7.45%,Vici Gaming
Hearthstone,"$229,547.27",1.69%,Vici Gaming
League of Legends (Vici Gaming),"$288,235.01",2.12%,Vici Gaming
League of Legends (Vici Potential Gaming),"$16,111.60",0.12%,Vici Gaming
Overwatch,"$98,025.65",0.72%,Vici Gaming
PUBG,"$107,086.99",0.79%,Vici Gaming
StarCraft II / WarCraft III,"$130,610.94",0.96%,Vici Gaming
Apex Legends,"$155,319.00",1.17%,Natus Vincere
Counter-Strike,"$368,287.81",2.77%,Natus Vincere
CS:GO,"$5,200,074.32",39.08%,Natus Vincere
CS:GO (NaVi Junior),"$24,727.50",0.19%,Natus Vincere
DotA,$0.00,0.00%,Natus Vincere
Dota 2,"$4,989,972.17",37.51%,Natus Vincere
Dota 2 (NaVi Female),$0.00,0.00%,Natus Vincere
Dota 2 (NaVi.US),"$14,110.46",0.11%,Natus Vincere
FIFA,"$27,674.56",0.21%,Natus Vincere
Fortnite,"$110,080.00",0.83%,Natus Vincere
Hearthstone,"$187,439.55",1.41%,Natus Vincere
Heroes of the Storm,"$135,273.04",1.02%,Natus Vincere
League of Legends,"$4,955.02",0.04%,Natus Vincere
League of Legends (NaVi.CIS),"$24,759.55",0.19%,Natus Vincere
Paladins,"$235,678.50",1.77%,Natus Vincere
PUBG,"$502,931.00",3.78%,Natus Vincere
PUBG Mobile,"$166,714.30",1.25%,Natus Vincere
Quake,"$71,497.52",0.54%,Natus Vincere
Rainbow Six,"$361,912.21",2.72%,Natus Vincere
StarCraft II,"$13,075.20",0.10%,Natus Vincere
VALORANT,"$1,755.06",0.01%,Natus Vincere
World of Tanks,"$708,511.80",5.33%,Natus Vincere
Age of Empires II,"$128,334.18",1.04%,Team Secret
Apex Legends,$0.00,0.00%,Team Secret
Counter-Strike: Global Offensive,"$66,714.09",0.54%,Team Secret
Dota 2,"$11,603,345.09",94.16%,Team Secret
Fighting Games,"$7,624.73",0.06%,Team Secret
Fortnite,"$201,825.38",1.64%,Team Secret
League of Legends,"$5,324.85",0.04%,Team Secret
LoL: Wild Rift,"$8,500.00",0.07%,Team Secret
PUBG,"$13,000.00",0.11%,Team Secret
PUBG Mobile (Malaysia),"$39,000.00",0.32%,Team Secret
PUBG Mobile (Secret Jin),"$11,000.00",0.09%,Team Secret
PUBG Mobile (Thai),"$23,600.00",0.19%,Team Secret
Rainbow Six Siege,"$150,458.79",1.22%,Team Secret
Rocket League,"$30,027.89",0.24%,Team Secret
Super Smash Bros.,"$4,437.58",0.04%,Team Secret
Vainglory,"$30,000.00",0.24%,Team Secret
Apex Legends,"$6,875.00",0.06%,Invictus Gaming
CrossFire,"$105,000.00",0.87%,Invictus Gaming
CS:GO,"$155,129.99",1.28%,Invictus Gaming
DotA,"$88,641.15",0.73%,Invictus Gaming
DotA (iG.Y),"$7,069.07",0.06%,Invictus Gaming
DotA (iG.Z),"$10,460.32",0.09%,Invictus Gaming
Dota 2,"$5,648,501.69",46.73%,Invictus Gaming
Dota 2 (iG Vitality),"$1,014,792.18",8.40%,Invictus Gaming
Hearthstone,"$163,731.30",1.35%,Invictus Gaming
League of Legends,"$3,991,850.16",33.02%,Invictus Gaming
League of Legends (Female),$0.00,0.00%,Invictus Gaming
League of Legends (iG.Young),"$184,767.77",1.53%,Invictus Gaming
Overwatch (iG.Fire),"$51,575.47",0.43%,Invictus Gaming
Overwatch (iG.Ice),"$13,169.73",0.11%,Invictus Gaming
Rainbow Six Siege,"$17,500.00",0.14%,Invictus Gaming
StarCraft 2,"$628,978.97",5.20%,Invictus Gaming
Arena of Valor,"$185,022.26",1.57%,LGD Gaming
Artifact,$0.00,0.00%,LGD Gaming
Clash Royale,"$8,008.50",0.07%,LGD Gaming
Counter-Strike: Global Offensive,"$7,928.04",0.07%,LGD Gaming
Crossfire (LGD.Reciprocity),"$42,283.06",0.36%,LGD Gaming
Defense of the Ancient,"$18,576.59",0.16%,LGD Gaming
Dota 2 (LGD Forever Young),"$2,999,923.26",25.49%,LGD Gaming
Dota 2 (LGD Gaming),"$7,060,988.01",60.00%,LGD Gaming
Dota 2 (LGD International),"$19,134.20",0.16%,LGD Gaming
Dota 2 (LGD.CDEC),"$11,929.02",0.10%,LGD Gaming
Hearthstone,"$2,250.00",0.02%,LGD Gaming
League of Legends,"$481,330.99",4.09%,LGD Gaming
League of Legends (LGD.Y),"$35,525.50",0.30%,LGD Gaming
Overwatch,"$161,155.37",1.37%,LGD Gaming
PUBG,"$101,628.05",0.86%,LGD Gaming
PUBG Mobile,"$631,751.00",5.37%,LGD Gaming
Valorant,$0.00,0.00%,LGD Gaming
Apex Legends,"$137,675.00",1.30%,Cloud9
Call of Duty,"$176,250.00",1.67%,Cloud9
Call of Duty (C9 Eclipse),"$8,500.00",0.08%,Cloud9
Chess,"$11,350.00",0.11%,Cloud9
Clash Royale,"$10,000.00",0.09%,Cloud9
CS:GO,"$2,590,791.19",24.49%,Cloud9
Dota 2,"$2,123,549.64",20.07%,Cloud9
Fortnite,"$448,302.60",4.24%,Cloud9
Halo,"$68,050.00",0.64%,Cloud9
Hearthstone,"$469,992.63",4.44%,Cloud9
Heroes of the Storm (C9 Maelstrom),"$20,600.00",0.19%,Cloud9
Heroes of the Storm (C9 Vortex),"$3,750.00",0.04%,Cloud9
Heroes of the Storm (Cloud 9),"$369,385.81",3.49%,Cloud9
League of Legends,"$1,796,041.50",16.98%,Cloud9
League of Legends (Amateur),$0.00,0.00%,Cloud9
League of Legends (C9 Academy),"$65,000.00",0.61%,Cloud9
League of Legends (C9 Challenger),"$11,000.00",0.10%,Cloud9
League of Legends (C9 Eclipse),"$63,225.15",0.60%,Cloud9
League of Legends (C9 Tempest),"$47,950.00",0.45%,Cloud9
Overwatch,"$89,013.40",0.84%,Cloud9
Overwatch (Cloud9 EU),"$10,000.00",0.09%,Cloud9
Overwatch (Cloud9 KongDoo),"$34,208.00",0.32%,Cloud9
PUBG,"$343,642.00",3.25%,Cloud9
PUBG (Korea),"$7,618.00",0.07%,Cloud9
PUBG Mobile,"$84,955.00",0.80%,Cloud9
Rainbow Six,"$267,917.77",2.53%,Cloud9
Rocket League,"$586,891.11",5.55%,Cloud9
Smash,"$251,832.99",2.38%,Cloud9
Smite,"$181,858.20",1.72%,Cloud9
Teamfight Tactics,"$35,100.00",0.33%,Cloud9
Vainglory,"$35,750.00",0.34%,Cloud9
Valorant (Blue),"$50,000.00",0.47%,Cloud9
Valorant (Cloud9 Korea),"$16,762.00",0.16%,Cloud9
Valorant (White),"$41,500.00",0.39%,Cloud9
World of WarCraft,"$119,650.00",1.13%,Cloud9
Apex Legends,"$119,485.00",1.14%,T1
Dota 2,"$372,518.68",3.56%,T1
FIFA ONLINE,"$25,000.00",0.24%,T1
Fortnite,"$240,700.00",2.30%,T1
Hearthstone / Artifact,"$260,213.05",2.49%,T1
League of Legends (SKT T1 #1),"$40,527.05",0.39%,T1
League of Legends (SKT T1 K),"$1,275,132.71",12.20%,T1
League of Legends (SKT T1 S),"$31,850.84",0.30%,T1
League of Legends (SKT T1),"$5,669,211.57",54.22%,T1
League of Legends (T1 Academy),"$4,280.96",0.04%,T1
League of Legends (T1),"$149,063.38",1.43%,T1
Overwatch (T1),"$42,862.50",0.41%,T1
PUBG (SKT T1),"$8,775.14",0.08%,T1
PUBG (T1),"$159,593.39",1.53%,T1
PUBG Mobile,"$31,701.00",0.30%,T1
Rainbow Six Siege,"$3,000.00",0.03%,T1
Smash,"$39,942.03",0.38%,T1
Special Force,"$43,530.00",0.42%,T1
StarCraft 2,"$1,143,991.90",10.94%,T1
StarCraft: Brood War,"$746,171.21",7.14%,T1
VALORANT (T1 Academy),$500.00,0.00%,T1
VALORANT (T1 Academy),$0.00,0.00%,T1
VALORANT (T1 Korea),"$17,940.50",0.17%,T1
VALORANT (T1),"$29,000.00",0.28%,T1
Brawl Stars,"$228,600.00",2.24%,Paris Saint-Germain Esports
Dota 2 (PSG.LGD),"$9,562,940.69",93.60%,Paris Saint-Germain Esports
FIFA,"$102,318.36",1.00%,Paris Saint-Germain Esports
FIFA Online,"$7,000.00",0.07%,Paris Saint-Germain Esports
League of Legends,"$7,565.25",0.07%,Paris Saint-Germain Esports
League of Legends (PSG.Talon),"$95,250.00",0.93%,Paris Saint-Germain Esports
Rocket League,"$213,449.38",2.09%,Paris Saint-Germain Esports
VALORANT,$0.00,0.00%,Paris Saint-Germain Esports
Call of Duty,"$1,505,358.00",14.85%,FaZe Clan
Call of Duty (FaZe Black),"$13,326.20",0.13%,FaZe Clan
Call of Duty (FaZe Red),"$3,500.00",0.03%,FaZe Clan
Call of Duty: Warzone,"$237,191.72",2.34%,FaZe Clan
CS:GO,"$3,836,028.94",37.85%,FaZe Clan
FIFA,"$46,000.00",0.45%,FaZe Clan
Fifa Online,"$57,920.00",0.57%,FaZe Clan
Fortnite,"$2,155,343.79",21.27%,FaZe Clan
Overwatch,"$73,300.00",0.72%,FaZe Clan
PUBG,"$1,611,912.00",15.90%,FaZe Clan
PUBG Mobile,"$2,456.00",0.02%,FaZe Clan
Rainbow Six,"$449,269.85",4.43%,FaZe Clan
Rocket League,"$50,900.00",0.50%,FaZe Clan
VALORANT,"$92,500.00",0.91%,FaZe Clan
CS:GO,"$6,224.87",0.06%,Wings Gaming
Dota 2,"$9,738,747.35",99.93%,Wings Gaming
Dota 2 (Wings.Red),$500.00,0.01%,Wings Gaming
CS:GO,"$9,088,668.81",99.86%,Astralis
FIFA,"$12,500.00",0.14%,Astralis
League of Legends,$0.00,0.00%,Astralis
League of Legends (SB),$0.00,0.00%,Astralis
League of Legends (Talent),$0.00,0.00%,Astralis
Apex Legends,"$33,419.00",0.39%,G2 Esports
Call of Duty,$0.00,0.00%,G2 Esports
Clash Royale,"$20,000.00",0.23%,G2 Esports
CS:GO,"$2,760,672.40",32.01%,G2 Esports
CS:GO (G2 Esports.es),"$14,682.44",0.17%,G2 Esports
FIFA,"$2,555.57",0.03%,G2 Esports
Fortnite,"$4,800.00",0.06%,G2 Esports
Hearthstone,"$674,987.54",7.83%,G2 Esports
Heroes of the Storm,"$47,493.55",0.55%,G2 Esports
iRacing.com,$0.00,0.00%,G2 Esports
League of Legends,"$2,448,766.11",28.40%,G2 Esports
League of Legends (G2 Arctic),"$10,995.60",0.13%,G2 Esports
League of Legends (G2 Heretics),$0.00,0.00%,G2 Esports
League of Legends (G2 Vodafone),"$9,906.66",0.11%,G2 Esports
Overwatch,"$3,809.08",0.04%,G2 Esports
Paladins,"$64,750.00",0.75%,G2 Esports
PUBG,"$96,000.00",1.11%,G2 Esports
Rainbow Six Siege,"$1,496,118.05",17.35%,G2 Esports
Rocket League,"$728,753.85",8.45%,G2 Esports
Rocket League (G2.Omega),"$2,000.00",0.02%,G2 Esports
Super Smash Bros,"$16,770.46",0.19%,G2 Esports
Teamfight Tactics,"$37,875.00",0.44%,G2 Esports
Vainglory,"$8,815.50",0.10%,G2 Esports
Vainglory (G2.Kinguin 2),"$1,000.00",0.01%,G2 Esports
VALORANT,"$139,189.86",1.61%,G2 Esports
Apex Legends,$0.00,0.00%,Gen.G Esports
Call of Duty,"$494,375.00",6.22%,Gen.G Esports
Clash Royale,"$44,958.45",0.57%,Gen.G Esports
CS:GO,"$165,600.00",2.08%,Gen.G Esports
Fortnite,"$10,981.80",0.14%,Gen.G Esports
Heroes of the Storm,"$700,000.00",8.81%,Gen.G Esports
Heroes of the Storm (KSV Black),"$660,000.00",8.30%,Gen.G Esports
Heroes of the Storm (KSV Miracle),$0.00,0.00%,Gen.G Esports
League of Legends,"$467,216.84",5.88%,Gen.G Esports
League of Legends (KSV),"$23,270.00",0.29%,Gen.G Esports
Overwatch,"$157,919.50",1.99%,Gen.G Esports
PUBG (Gen.G Black),"$47,238.50",0.59%,Gen.G Esports
PUBG (Gen.G Gold),"$506,594.50",6.37%,Gen.G Esports
PUBG (Gen.G),"$3,237,530.88",40.73%,Gen.G Esports
PUBG (KSV ASEL / CLES),"$20,633.20",0.26%,Gen.G Esports
PUBG (KSV Notitle),"$205,095.00",2.58%,Gen.G Esports
Seoul Dynasty,"$1,130,000.00",14.22%,Gen.G Esports
VALORANT,"$77,000.00",0.97%,Gen.G Esports
VALORANT (Gen.G Team Bumble),$500.00,0.01%,Gen.G Esports
Call of Duty,"$3,260,912.30",41.24%,OpTic Gaming
Call of Duty (OpTic Nation),"$52,591.41",0.67%,OpTic Gaming
CS:GO,"$1,348,975.00",17.06%,OpTic Gaming
CS:GO (OpTic Brasil Female),"$5,287.00",0.07%,OpTic Gaming
CS:GO (OpTic India),"$6,791.25",0.09%,OpTic Gaming
Dota 2,"$1,242,599.00",15.71%,OpTic Gaming
Fortnite,"$23,500.00",0.30%,OpTic Gaming
Gears of War,"$1,122,750.00",14.20%,OpTic Gaming
Gears of War (OpTic Mexico),"$7,500.00",0.09%,OpTic Gaming
Halo,"$779,550.00",9.86%,OpTic Gaming
League of Legends,$0.00,0.00%,OpTic Gaming
League of Legends (OpT Academy),$0.00,0.00%,OpTic Gaming
PLAYERUNKNOWN'S BATTLEGROUNDS,"$56,850.00",0.72%,OpTic Gaming
Apex Legends,"$619,934.00",8.24%,Team SoloMid
Call of Duty,"$19,000.00",0.25%,Team SoloMid
Chess,"$199,116.00",2.65%,Team SoloMid
CS:GO,"$628,160.69",8.35%,Team SoloMid
Fortnite,"$2,015,406.89",26.80%,Team SoloMid
Hearthstone,"$88,600.00",1.18%,Team SoloMid
League of Legends,"$1,674,875.02",22.27%,Team SoloMid
League of Legends (TSM Academy),"$33,500.00",0.45%,Team SoloMid
League of Legends (TSM Darkness),"$10,000.00",0.13%,Team SoloMid
League of Legends (TSM Evo),"$15,700.00",0.21%,Team SoloMid
Magic: The Gathering,"$32,900.00",0.44%,Team SoloMid
Overwatch,$0.00,0.00%,Team SoloMid
PlayerUnknown's Battlegrounds,"$376,325.00",5.00%,Team SoloMid
Rainbow Six,"$742,000.00",9.87%,Team SoloMid
Rocket League,"$96,359.86",1.28%,Team SoloMid
Smite,"$211,221.80",2.81%,Team SoloMid
Streamers,"$156,173.29",2.08%,Team SoloMid
Super Smash Bros.,"$394,326.70",5.24%,Team SoloMid
Teamfight Tactics,"$28,350.00",0.38%,Team SoloMid
Vainglory,"$52,250.00",0.69%,Team SoloMid
VALORANT,"$120,000.00",1.60%,Team SoloMid
VALORANT female,"$6,000.00",0.08%,Team SoloMid
Call of Duty,"$2,134,911.13",30.21%,Team Envy
Call of Duty: Warzone,"$21,058.35",0.30%,Team Envy
CS:GO,"$2,170,613.34",30.72%,Team Envy
CS:GO (Academy),"$112,000.56",1.58%,Team Envy
FIFA,"$78,351.35",1.11%,Team Envy
Fighting Games,"$22,896.20",0.32%,Team Envy
Fortnite,"$151,000.00",2.14%,Team Envy
Gears of War,"$286,000.00",4.05%,Team Envy
Halo,"$556,000.00",7.87%,Team Envy
League of Legends,$0.00,0.00%,Team Envy
Overwatch,"$504,391.40",7.14%,Team Envy
Paladins,"$213,750.00",3.02%,Team Envy
PUBG,"$104,020.00",1.47%,Team Envy
Rocket League,"$363,235.64",5.14%,Team Envy
Rocket League (EnVyUs Academy),$0.00,0.00%,Team Envy
Smite,"$62,500.00",0.88%,Team Envy
Smite (Xbox),"$75,000.00",1.06%,Team Envy
StarCraft II,"$87,486.76",1.24%,Team Envy
Super Smash Bros.,"$16,812.59",0.24%,Team Envy
VALORANT,"$106,500.00",1.51%,Team Envy
Battlefield,"$6,598.47",0.10%,SK Gaming
Bloodline Champions,"$1,000.00",0.01%,SK Gaming
Brawl Stars,"$150,250.00",2.25%,SK Gaming
Call of Duty,"$2,737.61",0.04%,SK Gaming
Clash Royale,"$206,666.66",3.09%,SK Gaming
Counter-Strike,"$856,401.56",12.80%,SK Gaming
Counter-Strike (SK Female),"$10,000.00",0.15%,SK Gaming
Counter-Strike (SK.ger),"$32,801.03",0.49%,SK Gaming
CS: Source,"$3,743.04",0.06%,SK Gaming
CS:GO,"$2,869,076.54",42.88%,SK Gaming
DotA,"$15,681.58",0.23%,SK Gaming
Dota 2,"$2,140.21",0.03%,SK Gaming
FIFA,"$251,017.18",3.75%,SK Gaming
FPS Duel,"$273,197.63",4.08%,SK Gaming
Hearthstone,"$165,497.85",2.47%,SK Gaming
Heroes of Newerth,"$5,069.74",0.08%,SK Gaming
Heroes of the Storm,"$3,075.00",0.05%,SK Gaming
League of Legends,"$315,689.17",4.72%,SK Gaming
League of Legends (SK Prime),"$123,769.92",1.85%,SK Gaming
Overwatch,$692.80,0.01%,SK Gaming
Paladins,"$5,000.00",0.07%,SK Gaming
Rainbow Six,"$15,000.00",0.22%,SK Gaming
Rocket League,"$10,804.68",0.16%,SK Gaming
Shootmania,"$8,000.00",0.12%,SK Gaming
Smite,"$322,045.08",4.81%,SK Gaming
StarCraft II,"$184,671.48",2.76%,SK Gaming
Vainglory (SK Chimaera),"$2,500.00",0.04%,SK Gaming
Vainglory (SK Gaming),"$11,565.50",0.17%,SK Gaming
Vainglory (SK Prometheus),"$1,000.00",0.01%,SK Gaming
WarCraft III,"$614,486.63",9.18%,SK Gaming
World of WarCraft,"$139,000.00",2.08%,SK Gaming
World of Warcraft (SK Asia),"$19,800.00",0.30%,SK Gaming
World of Warcraft (SK Europe),"$27,100.00",0.41%,SK Gaming
World of Warcraft (SK Sansibar),"$12,000.00",0.18%,SK Gaming
World of Warcraft (SK USA),"$22,500.00",0.34%,SK Gaming
Counter-Strike,"$253,050.53",3.91%,Ninjas in Pyjamas
CS:GO,"$2,994,971.31",46.29%,Ninjas in Pyjamas
CS:GO (Young Ninjas),"$46,411.35",0.72%,Ninjas in Pyjamas
Dota 2,"$1,000,100.08",15.46%,Ninjas in Pyjamas
FIFA,"$37,501.77",0.58%,Ninjas in Pyjamas
Fortnite,"$7,500.00",0.12%,Ninjas in Pyjamas
League of Legends,"$119,575.32",1.85%,Ninjas in Pyjamas
Overwatch,"$35,235.95",0.54%,Ninjas in Pyjamas
Paladins,"$167,000.00",2.58%,Ninjas in Pyjamas
PUBG,"$95,881.03",1.48%,Ninjas in Pyjamas
Rainbow Six,"$1,646,762.40",25.45%,Ninjas in Pyjamas
VALORANT,"$55,125.13",0.85%,Ninjas in Pyjamas
WarCraft 3,"$10,500.00",0.16%,Ninjas in Pyjamas
Apex Legends,"$100,647.00",1.69%,Alliance
Arena of Valor,"$4,000.00",0.07%,Alliance
Dota 2,"$4,947,159.38",83.27%,Alliance
FIFA,"$7,528.77",0.13%,Alliance
Fighting Games,"$301,124.40",5.07%,Alliance
Fortnite,"$72,645.11",1.22%,Alliance
Hearthstone,"$230,972.12",3.89%,Alliance
League of Legends,"$115,000.00",1.94%,Alliance
LoL: Wild Rift,"$8,500.00",0.14%,Alliance
PUBG,"$6,000.00",0.10%,Alliance
PUBG Mobile,"$1,932.65",0.03%,Alliance
Quake,"$44,136.88",0.74%,Alliance
StarCraft II,"$84,650.09",1.42%,Alliance
Trackmania,$862.57,0.01%,Alliance
VALORANT,"$15,621.63",0.26%,Alliance
Arena of Valor,"$554,665.98",9.46%,Royal Never Give Up
Dota 2,"$1,237,971.76",21.12%,Royal Never Give Up
Dota 2 (Royal),"$16,555.50",0.28%,Royal Never Give Up
Hearthstone,"$194,486.32",3.32%,Royal Never Give Up
League of Legends,"$3,184,363.51",54.32%,Royal Never Give Up
PUBG,"$81,734.76",1.39%,Royal Never Give Up
PUBG Mobile,"$583,784.00",9.96%,Royal Never Give Up
VALORANT,"$8,780.40",0.15%,Royal Never Give Up
Apex Legends,"$233,070.00",4.03%,NRG Esports
Call of Duty: Warzone,"$249,875.04",4.32%,NRG Esports
Clash Royale,"$10,000.00",0.17%,NRG Esports
CS:GO,"$1,151,975.00",19.94%,NRG Esports
Fighting Games,$625.00,0.01%,NRG Esports
Fortnite,"$1,969,862.14",34.09%,NRG Esports
Gears of War,"$64,650.00",1.12%,NRG Esports
Hearthstone,"$66,125.00",1.14%,NRG Esports
League of Legends,$0.00,0.00%,NRG Esports
Overwatch,"$117,266.62",2.03%,NRG Esports
PUBG,"$2,000.00",0.03%,NRG Esports
Rocket League,"$1,153,181.72",19.96%,NRG Esports
SMITE,"$684,000.00",11.84%,NRG Esports
Super Smash Bros,"$59,644.12",1.03%,NRG Esports
Teamfight Tactics,$0.00,0.00%,NRG Esports
Vainglory,$0.00,0.00%,NRG Esports
VALORANT,"$16,000.00",0.28%,NRG Esports
Apex Legends,"$15,000.00",0.26%,MVP
Arena of Valor,"$41,363.97",0.72%,MVP
CS:GO (MVP Academy),$0.00,0.00%,MVP
CS:GO (MVP PK),"$306,863.16",5.36%,MVP
CS:GO (MVP Project),"$74,806.96",1.31%,MVP
Dota 2 (MVP Aegis),"$7,337.22",0.13%,MVP
Dota 2 (MVP HOT6ix),"$153,302.72",2.68%,MVP
Dota 2 (MVP Phoenix),"$2,869,970.01",50.10%,MVP
Dota 2 (MVP Revolution),"$4,514.00",0.08%,MVP
Heroes of the Storm (MVP Black),"$953,953.93",16.65%,MVP
Heroes of the Storm (MVP Miracle),"$198,203.00",3.46%,MVP
Heroes of the Storm (MVP Sky),"$4,683.00",0.08%,MVP
League of Legends (MVP Blue),"$37,381.55",0.65%,MVP
League of Legends (MVP White/Ozone),"$137,104.79",2.39%,MVP
League of Legends (MVP),"$103,566.86",1.81%,MVP
Overwatch (MVP Infinity),"$3,803.24",0.07%,MVP
Overwatch (MVP Space),"$69,141.18",1.21%,MVP
PUBG,"$26,866.00",0.47%,MVP
StarCraft II,"$717,672.07",12.53%,MVP
Tekken,"$3,456.14",0.06%,MVP
Counter-Strike,"$684,670.88",12.10%,mousesports
Counter-Strike (mouz Ladies),"$8,000.00",0.14%,mousesports
CS: Source,"$26,014.29",0.46%,mousesports
CS:GO,"$3,126,509.90",55.24%,mousesports
CS:GO (NXT),$0.00,0.00%,mousesports
DotA,$616.68,0.01%,mousesports
Dota 2,"$250,648.85",4.43%,mousesports
FIFA,"$1,901.84",0.03%,mousesports
Fortnite,"$8,000.00",0.14%,mousesports
FPS Duel,"$98,294.69",1.74%,mousesports
League of Legends,"$343,410.94",6.07%,mousesports
Overwatch,$225.95,0.00%,mousesports
Paladins,$0.00,0.00%,mousesports
Pro Evo Soccer,$0.00,0.00%,mousesports
Rainbow Six,"$24,250.00",0.43%,mousesports
Rocket League,"$133,733.21",2.36%,mousesports
StarCraft / StarCraft 2,"$571,777.80",10.10%,mousesports
Street Fighter,"$97,470.85",1.72%,mousesports
TrackMania,"$6,418.07",0.11%,mousesports
Vainglory,"$3,500.00",0.06%,mousesports
WarCraft III,"$261,991.66",4.63%,mousesports
World of WarCraft,"$10,000.00",0.18%,mousesports
World of WarCraft (mouz.Cake),"$2,700.00",0.05%,mousesports
League of Legends (Samsung Blue),"$292,834.12",5.51%,Samsung
League of Legends (Samsung Galaxy),"$2,820,101.66",53.09%,Samsung
League of Legends (Samsung Ozone/White),"$1,139,112.96",21.45%,Samsung
Overwatch (Morning Stars),"$48,347.95",0.91%,Samsung
StarCraft II (Samsung Galaxy),"$445,432.31",8.39%,Samsung
StarCraft: Brood War (Samsung KHAN),"$565,848.80",10.65%,Samsung
Apex Legends,"$113,464.00",2.20%,Counter Logic Gaming
Call of Duty,"$9,250.00",0.18%,Counter Logic Gaming
CS:GO,"$445,563.50",8.63%,Counter Logic Gaming
CS:GO (Academy),"$4,996.42",0.10%,Counter Logic Gaming
CS:GO (CLG Red),"$220,726.22",4.28%,Counter Logic Gaming
Dota 2,"$16,292.84",0.32%,Counter Logic Gaming
Fortnite,"$1,860,985.00",36.06%,Counter Logic Gaming
H1Z1,"$108,000.00",2.09%,Counter Logic Gaming
Halo,"$1,199,350.00",23.24%,Counter Logic Gaming
Hearthstone,"$22,668.38",0.44%,Counter Logic Gaming
League of Legends (CLG Academy),"$21,000.00",0.41%,Counter Logic Gaming
League of Legends (CLG Black),"$29,328.08",0.57%,Counter Logic Gaming
League of Legends (CLG EU),"$262,612.50",5.09%,Counter Logic Gaming
League of Legends (CLG Prime),"$648,917.64",12.57%,Counter Logic Gaming
Overwatch,"$5,690.00",0.11%,Counter Logic Gaming
Rainbow Six,"$8,000.00",0.15%,Counter Logic Gaming
Rocket League,"$10,500.00",0.20%,Counter Logic Gaming
Smash Bros.,"$154,014.70",2.98%,Counter Logic Gaming
Smite,$0.00,0.00%,Counter Logic Gaming
VALORANT female,"$20,000.00",0.39%,Counter Logic Gaming
Apex Legends,"$11,300.00",0.22%,Lazarus
Arms,"$3,790.01",0.08%,Lazarus
Brawlhalla,"$52,826.90",1.05%,Lazarus
Call of Duty (CA),"$25,820.61",0.51%,Lazarus
Call of Duty (SetToDestroyX),$797.16,0.02%,Lazarus
Call of Duty (US),$0.00,0.00%,Lazarus
Critical Ops,$0.00,0.00%,Lazarus
Crossfire (SetToDestroyX),"$88,213.30",1.75%,Lazarus
CS:GO,"$24,002.58",0.48%,Lazarus
CS:GO (StdX .ca),"$26,528.06",0.53%,Lazarus
CS:GO Female,"$30,000.00",0.60%,Lazarus
DragonBall FighterZ,$166.50,0.00%,Lazarus
Fortnite (PC),"$3,690,125.00",73.26%,Lazarus
Fortnite (XBox),"$7,500.00",0.15%,Lazarus
Forza,"$87,450.00",1.74%,Lazarus
Gears of War (N arena),$0.00,0.00%,Lazarus
GT Sport,$200.00,0.00%,Lazarus
Guns Of Boom,"$105,550.00",2.10%,Lazarus
H1Z1,"$41,700.00",0.83%,Lazarus
HALO 5,$0.00,0.00%,Lazarus
Hand of the Gods,"$2,350.00",0.05%,Lazarus
Hearthstone,"$366,039.00",7.27%,Lazarus
IoN,$0.00,0.00%,Lazarus
Ironsight,$0.00,0.00%,Lazarus
Killer Instinct,$567.92,0.01%,Lazarus
League of Legends (Female),$0.00,0.00%,Lazarus
Madden,"$253,067.66",5.02%,Lazarus
Mortal Kombat,"$1,422.42",0.03%,Lazarus
NHL,"$40,550.00",0.81%,Lazarus
Overwatch,$0.00,0.00%,Lazarus
Paladins,$0.00,0.00%,Lazarus
Paladins (HRX),$0.00,0.00%,Lazarus
PLAYERUNKNOWN'S BATTLEGROUNDS,"$95,950.00",1.90%,Lazarus
Pokken,"$1,961.26",0.04%,Lazarus
Project Cars 2,$0.00,0.00%,Lazarus
Project Cars 2,$0.00,0.00%,Lazarus
Rainbow 6 Siege,"$9,242.86",0.18%,Lazarus
Rocket League,"$4,100.00",0.08%,Lazarus
RoS,$0.00,0.00%,Lazarus
SFV (2),$0.00,0.00%,Lazarus
Smash,"$4,737.05",0.09%,Lazarus
Splatoon 2,"$18,110.00",0.36%,Lazarus
Street Fighter V,"$2,132.02",0.04%,Lazarus
Trackmania,"$2,063.02",0.04%,Lazarus
Uncharted 4,"$38,210.80",0.76%,Lazarus
Uncharted 4 (Ontario Team),$382.11,0.01%,Lazarus
VALORANT,$300.00,0.01%,Lazarus
WoW,$0.00,0.00%,Lazarus
Apex Legends,$0.00,0.00%,Chaos Esports Club
CS:GO,"$277,650.00",5.62%,Chaos Esports Club
Dota 2,"$4,588,813.00",92.89%,Chaos Esports Club
Dota 2 (.SA),$0.00,0.00%,Chaos Esports Club
PUBG,$0.00,0.00%,Chaos Esports Club
Rainbow Six,"$56,843.06",1.15%,Chaos Esports Club
Rocket League,"$16,700.00",0.34%,Chaos Esports Club
Apex Legends,"$105,950.00",2.24%,compLexity Gaming
Artifact,"$6,346.14",0.13%,compLexity Gaming
Call of Duty (Console),"$766,075.67",16.21%,compLexity Gaming
Call of Duty (PC),"$7,000.00",0.15%,compLexity Gaming
Clash Royale,"$55,000.00",1.16%,compLexity Gaming
Counter-Strike,"$313,571.58",6.64%,compLexity Gaming
CS:GO,"$1,287,798.52",27.25%,compLexity Gaming
CS:Source (LA Complexity),"$61,000.00",1.29%,compLexity Gaming
Day of Defeat,"$6,900.00",0.15%,compLexity Gaming
Dota 2,"$904,666.99",19.15%,compLexity Gaming
FIFA,"$62,470.70",1.32%,compLexity Gaming
Fighting Games,"$5,732.90",0.12%,compLexity Gaming
Fortnite,"$157,900.00",3.34%,compLexity Gaming
Gwent,"$52,851.05",1.12%,compLexity Gaming
Hearthstone,"$377,339.46",7.99%,compLexity Gaming
Heroes of Newerth,"$129,648.10",2.74%,compLexity Gaming
Heroes of the Storm,"$28,100.00",0.59%,compLexity Gaming
League of Legends (coL Academy),$0.00,0.00%,compLexity Gaming
League of Legends (coL Black),"$14,750.00",0.31%,compLexity Gaming
League of Legends (coL Red),"$6,200.00",0.13%,compLexity Gaming
League of Legends (coL White),$0.00,0.00%,compLexity Gaming
League of Legends (coL),"$28,150.00",0.60%,compLexity Gaming
Overwatch,"$34,000.00",0.72%,compLexity Gaming
Quake,"$7,600.00",0.16%,compLexity Gaming
Rocket League,"$116,567.18",2.47%,compLexity Gaming
Shootmania,"$4,000.00",0.08%,compLexity Gaming
StarCraft II,"$123,940.64",2.62%,compLexity Gaming
Team Fortress 2,$0.00,0.00%,compLexity Gaming
Teamfight Tactics,"$9,075.00",0.19%,compLexity Gaming
VALORANT,"$4,000.00",0.08%,compLexity Gaming
World of WarCraft (coL Black),"$1,000.00",0.02%,compLexity Gaming
World of WarCraft (coL Red),"$47,450.00",1.00%,compLexity Gaming
CS:GO,"$4,500.00",0.10%,TnC Gaming
Dota 2 (TNC Predator),"$4,513,404.22",99.53%,TnC Gaming
Dota 2 (TNC Tigers),"$12,811.20",0.28%,TnC Gaming
League of Legends,"$3,834.90",0.08%,TnC Gaming
Apex Legends,"$88,270.00",1.96%,Gambit Esports
CS:GO,"$2,470,776.58",54.94%,Gambit Esports
CS:GO (GMB Youngsters),"$269,110.00",5.98%,Gambit Esports
Dota 2,"$747,779.84",16.63%,Gambit Esports
Dota 2 (Gambit-2),"$11,000.00",0.24%,Gambit Esports
Fortnite,"$295,684.31",6.58%,Gambit Esports
League of Legends,"$266,637.69",5.93%,Gambit Esports
League of Legends (Gambit.CIS),"$234,708.04",5.22%,Gambit Esports
League of Legends (GMB Academy),$0.00,0.00%,Gambit Esports
VALORANT,"$113,011.34",2.51%,Gambit Esports
Battlefield,"$23,479.46",0.56%,Team Dignitas
Bloodline Champions,$0.00,0.00%,Team Dignitas
Brink,$0.00,0.00%,Team Dignitas
Call of Duty,"$33,735.50",0.81%,Team Dignitas
Clash Royale,$0.00,0.00%,Team Dignitas
Command and Conquer,"$20,579.80",0.49%,Team Dignitas
Counter-Strike,$958.85,0.02%,Team Dignitas
Counter-Strike: Source,"$4,421.36",0.11%,Team Dignitas
CS:GO,"$966,119.77",23.10%,Team Dignitas
CS:GO female,"$145,354.61",3.48%,Team Dignitas
Dota 2,"$53,105.89",1.27%,Team Dignitas
Enemy Territory: Quake Wars,"$27,828.30",0.67%,Team Dignitas
FIFA,"$1,250.00",0.03%,Team Dignitas
Halo,"$9,114.16",0.22%,Team Dignitas
Hearthstone,"$81,520.49",1.95%,Team Dignitas
Heroes of the Storm,"$1,178,555.54",28.18%,Team Dignitas
League of Legends,"$186,738.26",4.46%,Team Dignitas
League of Legends (Dignitas B / Academy),"$6,500.00",0.16%,Team Dignitas
League of Legends (Dignitas EU),"$52,121.95",1.25%,Team Dignitas
League of Legends (Dignitas OCE),"$4,642.00",0.11%,Team Dignitas
League of Legends (Dignitas UK),"$7,559.99",0.18%,Team Dignitas
League of Legends (Mirage),"$3,000.00",0.07%,Team Dignitas
Overwatch,"$13,305.59",0.32%,Team Dignitas
PUBG,"$55,960.00",1.34%,Team Dignitas
Quake,$650.00,0.02%,Team Dignitas
Rocket League,"$655,766.86",15.68%,Team Dignitas
SMITE,"$243,048.00",5.81%,Team Dignitas
StarCraft II,"$192,653.77",4.61%,Team Dignitas
Super Smash Bros,"$6,050.27",0.14%,Team Dignitas
Team Fortress 2,"$14,751.73",0.35%,Team Dignitas
Trackmania,"$51,821.81",1.24%,Team Dignitas
VALORANT,"$8,000.00",0.19%,Team Dignitas
VALORANT (Female),"$17,500.00",0.42%,Team Dignitas
Wolfenstein: Enemy Territory,"$4,168.22",0.10%,Team Dignitas
World in Conflict,"$60,000.00",1.43%,Team Dignitas
World of Tanks,"$39,000.00",0.93%,Team Dignitas
World of Warcraft,"$13,500.00",0.32%,Team Dignitas
CS:GO,"$56,228.80",1.36%,EHOME
Defense of the Ancients,"$65,735.82",1.59%,EHOME
Dota 2,"$3,929,204.84",95.12%,EHOME
Dota 2 (EHOME.Immortal),"$6,721.30",0.16%,EHOME
Dota 2 (EHOME.Keen),"$18,813.94",0.46%,EHOME
Dota 2 (EHOME.King),$0.00,0.00%,EHOME
Dota 2 (EHOME.Legend),$0.00,0.00%,EHOME
Dota 2 (EHOME.Malaysia),"$4,000.00",0.10%,EHOME
League of Legends,"$37,178.80",0.90%,EHOME
Overwatch (EHOME.CN),$0.00,0.00%,EHOME
Overwatch (EHOME.KR),$0.00,0.00%,EHOME
PUBG,$792.00,0.02%,EHOME
WarCraft 3,"$12,059.25",0.29%,EHOME
Arena of Valor,"$10,000.00",0.24%,Vitality
Call of Duty,"$93,064.66",2.27%,Vitality
Call of Duty (Vitality.Rises),$0.00,0.00%,Vitality
CS:GO,"$1,754,454.50",42.74%,Vitality
FIFA,"$252,250.00",6.15%,Vitality
Fighting Games,"$33,242.15",0.81%,Vitality
Fortnite,"$253,054.10",6.16%,Vitality
Gears of War,"$6,000.00",0.15%,Vitality
H1Z1,"$17,000.00",0.41%,Vitality
Halo,"$6,478.78",0.16%,Vitality
Hearthstone,"$83,143.33",2.03%,Vitality
League of Legends,"$231,422.03",5.64%,Vitality
League of Legends (VIT Academy / Bee),"$69,529.57",1.69%,Vitality
Overwatch,$0.00,0.00%,Vitality
PUBG,"$38,000.00",0.93%,Vitality
Racing,"$65,000.00",1.58%,Vitality
Rainbow Six,"$208,717.02",5.08%,Vitality
Rocket League,"$975,822.57",23.77%,Vitality
Teamfight Tactics,$900.00,0.02%,Vitality
VALORANT,"$6,612.32",0.16%,Vitality
Apex Legends,"$219,484.00",5.54%,Sentinels
Fortnite,"$3,204,591.68",80.91%,Sentinels
Hearthstone,"$29,900.00",0.75%,Sentinels
Legends of Runeterra,$0.00,0.00%,Sentinels
VALORANT,"$506,500.00",12.79%,Sentinels
Apex,"$1,500.00",0.04%,100 Thieves
Call of Duty,"$666,875.00",17.59%,100 Thieves
Call of Duty: Warzone,"$290,229.96",7.66%,100 Thieves
CS:GO,"$190,500.00",5.03%,100 Thieves
Fortnite,"$2,231,563.68",58.87%,100 Thieves
League of Legends,"$240,125.00",6.34%,100 Thieves
League of Legends (100T Academy),"$32,350.00",0.85%,100 Thieves
Streamers,"$19,725.00",0.52%,100 Thieves
VALORANT,"$117,500.00",3.10%,100 Thieves
Apex Legends,"$34,260.00",0.91%,Luminosity Gaming
Battle Royal (H1Z1 / PUBG),"$157,000.00",4.17%,Luminosity Gaming
Call of Duty,"$1,199,875.00",31.84%,Luminosity Gaming
Call of Duty (Female),$0.00,0.00%,Luminosity Gaming
Call of Duty: Warzone,"$92,851.87",2.46%,Luminosity Gaming
CS:GO,"$1,472,759.47",39.08%,Luminosity Gaming
Fortnite,"$180,283.35",4.78%,Luminosity Gaming
Halo,"$80,500.00",2.14%,Luminosity Gaming
Hearthstone,"$129,200.35",3.43%,Luminosity Gaming
Heroes of the Storm,"$1,300.00",0.03%,Luminosity Gaming
Madden NFL,"$140,000.00",3.72%,Luminosity Gaming
Overwatch,"$29,963.18",0.80%,Luminosity Gaming
Overwatch (Evil),"$10,250.00",0.27%,Luminosity Gaming
Overwatch (Loyal),"$3,000.00",0.08%,Luminosity Gaming
Rainbow Six,"$48,000.00",1.27%,Luminosity Gaming
Smite,"$112,500.00",2.99%,Luminosity Gaming
Streamers,"$2,000.00",0.05%,Luminosity Gaming
Super Smash Bros,"$15,712.92",0.42%,Luminosity Gaming
VALORANT,"$51,000.00",1.35%,Luminosity Gaming
World of WarCraft,"$8,000.00",0.21%,Luminosity Gaming
Dota 2,"$3,633,019.01",97.29%,CDEC Gaming
Dota 2 (CDEC Avenger),"$22,042.38",0.59%,CDEC Gaming
Dota 2 (CDEC Youth),"$79,201.48",2.12%,CDEC Gaming
Arena of Valor,"$2,864,390.30",80.66%,eStar Gaming
Crossfire,"$21,141.53",0.60%,eStar Gaming
Hearthstone,$0.00,0.00%,eStar Gaming
Heroes of the Storm,"$638,445.71",17.98%,eStar Gaming
Overwatch,"$14,198.61",0.40%,eStar Gaming
PUBG,"$13,047.80",0.37%,eStar Gaming
Arena of Valor,"$345,192.47",9.90%,EDward Gaming
Clash Royale,"$43,165.20",1.24%,EDward Gaming
Crossfire,"$21,141.53",0.61%,EDward Gaming
CS:GO,"$12,516.50",0.36%,EDward Gaming
FIFA Online,"$7,000.00",0.20%,EDward Gaming
Hearthstone,"$20,445.27",0.59%,EDward Gaming
Heroes of the Storm,"$273,241.96",7.83%,EDward Gaming
League of Legends (AD Gaming),"$29,207.34",0.84%,EDward Gaming
League of Legends (EDG Youth Team),"$36,549.60",1.05%,EDward Gaming
League of Legends (EDward Esports),"$46,379.70",1.33%,EDward Gaming
League of Legends (EDward Gaming),"$2,631,010.06",75.44%,EDward Gaming
PUBG,"$21,908.92",0.63%,EDward Gaming
Apex Legends,"$8,400.00",0.25%,eUnited
Battlerite,$0.00,0.00%,eUnited
Call of Duty,"$2,115,468.72",62.37%,eUnited
Counter-Strike: Global Offensive,"$250,275.00",7.38%,eUnited
Fortnite,"$5,000.00",0.15%,eUnited
Gear of War,"$145,625.00",4.29%,eUnited
League of Legends,"$14,000.00",0.41%,eUnited
Overwatch,"$45,750.00",1.35%,eUnited
PUBG,"$37,690.00",1.11%,eUnited
Rocket League,"$91,653.61",2.70%,eUnited
Siege,"$16,000.00",0.47%,eUnited
Smash,"$42,726.36",1.26%,eUnited
SMITE,"$619,000.00",18.25%,eUnited
VALORANT,$0.00,0.00%,eUnited
Call of Duty,$0.00,0.00%,Team Empire
CS:GO,"$17,873.97",0.53%,Team Empire
Dota 2,"$2,086,557.30",61.95%,Team Empire
Dota 2 (Empire Hope),"$21,750.00",0.65%,Team Empire
FIFA,$0.00,0.00%,Team Empire
FPS Duel,$0.00,0.00%,Team Empire
Hearthstone,"$4,732.25",0.14%,Team Empire
Heroes of Newerth,$0.00,0.00%,Team Empire
League of Legends,"$17,336.53",0.51%,Team Empire
PUBG,"$6,200.00",0.18%,Team Empire
Rainbow Six,"$1,057,938.98",31.41%,Team Empire
StarCraft II,"$155,786.05",4.63%,Team Empire
WarCraft III,$128.21,0.00%,Team Empire
Apex Legends,"$9,570.00",0.29%,Cooler Esport
Fortnite,"$3,316,514.26",99.71%,Cooler Esport
Rocket League,$0.00,0.00%,Cooler Esport
Call of Duty,"$1,079,175.00",32.64%,Splyce
CS:GO,"$116,657.30",3.53%,Splyce
Fighting Games,"$6,500.00",0.20%,Splyce
Gears of War,"$43,000.00",1.30%,Splyce
Halo,"$846,500.00",25.60%,Splyce
Hearthstone,"$7,675.00",0.23%,Splyce
League of Legends,"$302,414.30",9.15%,Splyce
League of Legends (Splyce Vipers),"$9,019.20",0.27%,Splyce
Overwatch,"$8,301.00",0.25%,Splyce
Rocket League,"$38,431.25",1.16%,Splyce
StarCraft 2,"$672,400.74",20.34%,Splyce
Super Smash Bros.,"$16,768.72",0.51%,Splyce
World of WarCraft,"$159,500.00",4.82%,Splyce
Call of Duty (AF),"$3,102,500.00",99.03%,Atlanta Faze
Call of Duty (AF Academy),"$30,500.00",0.97%,Atlanta Faze
Overwatch,"$3,115,000.00",100.00%,San Francisco Shock
Arena of Valor (Nova Asia),"$118,317.81",3.97%,Nova eSports
Arena of Valor (Nova EU),"$40,000.00",1.34%,Nova eSports
Arena of Valor (Nova LatAm),"$20,000.00",0.67%,Nova eSports
Brawl Stars (Nova Gold),$750.00,0.03%,Nova eSports
Brawl Stars (Nova Purple),$750.00,0.03%,Nova eSports
Brawl Stars (Nova White),"$3,000.00",0.10%,Nova eSports
Clash of Clans,"$305,000.00",10.24%,Nova eSports
Clash Royale,"$366,822.62",12.32%,Nova eSports
FIFA ONLINE,$0.00,0.00%,Nova eSports
League of Legends,"$4,500.00",0.15%,Nova eSports
Overwatch,"$50,278.00",1.69%,Nova eSports
PUBG,"$45,176.00",1.52%,Nova eSports
PUBG Mobile,"$2,022,959.35",67.94%,Nova eSports
League of Legends (KT Academy),"$1,800.00",0.06%,KT Rolster
League of Legends (KT Arrows),"$125,891.79",4.29%,KT Rolster
League of Legends (KT Bullets),"$184,187.07",6.28%,KT Rolster
League of Legends (KT Rolster),"$841,421.81",28.68%,KT Rolster
Special Force,"$44,190.00",1.51%,KT Rolster
StarCraft 2,"$869,432.12",29.64%,KT Rolster
StarCraft: Brood War,"$866,457.76",29.54%,KT Rolster
League of Legends (JAG Falcons),"$29,186.40",1.05%,Jin Air Green Wings
League of Legends (JAG Stealths),"$32,472.10",1.17%,Jin Air Green Wings
League of Legends (JAG),"$156,895.38",5.67%,Jin Air Green Wings
StarCraft 2,"$2,550,260.20",92.11%,Jin Air Green Wings
Arena of Valor,"$97,907.85",3.80%,World Elite
Crossfire,"$28,188.71",1.10%,World Elite
DotA,"$6,586.34",0.26%,World Elite
Fortnite,"$101,500.00",3.94%,World Elite
Hearthstone,"$97,445.00",3.79%,World Elite
Heroes of Newerth,"$10,681.22",0.42%,World Elite
League of Legends (ME / WE.Future),"$42,988.31",1.67%,World Elite
League of Legends (WE Academy),"$112,483.06",4.37%,World Elite
League of Legends (WE),"$1,622,102.05",63.03%,World Elite
League of Legends (WE.i-Rocks),"$6,000.00",0.23%,World Elite
Overwatch (Team WE),$0.00,0.00%,World Elite
Overwatch (WE.Red),$749.50,0.03%,World Elite
Overwatch (WE.White),"$27,482.28",1.07%,World Elite
Rainbow Six,$473.15,0.02%,World Elite
StarCraft 2,"$33,964.24",1.32%,World Elite
WarCraft 3,"$384,881.65",14.96%,World Elite
CS:GO,"$1,204,659.22",48.55%,ENCE eSports
Hearthstone,"$8,045.50",0.32%,ENCE eSports
League of Legends,"$1,147.60",0.05%,ENCE eSports
Overwatch,"$15,253.80",0.61%,ENCE eSports
PUBG,"$217,049.56",8.75%,ENCE eSports
Rainbow Six,"$128,466.79",5.18%,ENCE eSports
StarCraft 2,"$906,413.92",36.53%,ENCE eSports
Apex Legends,"$1,000.00",0.04%,Ghost Gaming
Call of Duty,"$80,500.00",3.25%,Ghost Gaming
CS:GO,"$163,829.00",6.62%,Ghost Gaming
CS:GO (Ghost Academy),"$5,000.00",0.20%,Ghost Gaming
Fighting Games,"$9,905.98",0.40%,Ghost Gaming
Fortnite,"$1,216,323.61",49.12%,Ghost Gaming
Gears of War,"$410,000.00",16.56%,Ghost Gaming
Overwatch,"$20,000.00",0.81%,Ghost Gaming
PUBG,"$263,910.00",10.66%,Ghost Gaming
Rocket League,"$204,261.11",8.25%,Ghost Gaming
Smite,"$100,000.00",4.04%,Ghost Gaming
VALORANT,"$1,250.00",0.05%,Ghost Gaming
Apex Legends,"$40,784.00",1.66%,Spacestation Gaming
Battlerite,"$10,000.00",0.41%,Spacestation Gaming
Brawl Stars,"$25,000.00",1.02%,Spacestation Gaming
Brawlhalla,"$28,965.00",1.18%,Spacestation Gaming
Clash of Clans,"$18,301.00",0.75%,Spacestation Gaming
Clash Royale,"$30,000.00",1.22%,Spacestation Gaming
CS:GO,"$9,750.00",0.40%,Spacestation Gaming
Fortnite,$0.00,0.00%,Spacestation Gaming
Gears of War 4,"$53,000.00",2.16%,Spacestation Gaming
Heartstone,"$33,900.00",1.38%,Spacestation Gaming
Heroes of the Storm,$0.00,0.00%,Spacestation Gaming
Paladins,"$77,000.00",3.14%,Spacestation Gaming
PLAYERUKNOWN'S BATTLEGROUNDS,"$32,985.00",1.34%,Spacestation Gaming
PUBG Mobile,"$45,180.00",1.84%,Spacestation Gaming
Rainbow Six Siege,"$1,493,500.00",60.83%,Spacestation Gaming
Rocket League,"$505,811.86",20.60%,Spacestation Gaming
Shadowverse,$0.00,0.00%,Spacestation Gaming
SMITE,"$27,500.00",1.12%,Spacestation Gaming
Super Smash Bros. Ultimate,"$23,534.06",0.96%,Spacestation Gaming
Trackmania,$30.06,0.00%,Spacestation Gaming
VALORANT,$0.00,0.00%,Spacestation Gaming
Arena of Valor,"$233,712.85",9.58%,Flash Wolves
Hearthstone,"$427,881.20",17.54%,Flash Wolves
League of Legends,"$1,302,176.88",53.37%,Flash Wolves
LoL: Wild Rift,"$8,500.00",0.35%,Flash Wolves
Overwatch,"$157,081.66",6.44%,Flash Wolves
PUBG,"$29,571.51",1.21%,Flash Wolves
Special Force II,$0.00,0.00%,Flash Wolves
StarCraft II,"$281,169.44",11.52%,Flash Wolves
World of Warcraft,$0.00,0.00%,Flash Wolves
CS:GO,"$8,157.42",0.34%,Mineski
DotA,"$10,819.18",0.44%,Mineski
Dota 2,"$2,234,647.17",91.78%,Mineski
FIFA,"$100,000.00",4.11%,Mineski
League of Legends,"$80,627.22",3.31%,Mineski
Overwatch,$0.00,0.00%,Mineski
StarCraft 2,$500.00,0.02%,Mineski
Arena of Valor,"$2,424,828.63",100.00%,Turnso Gaming
Call of Duty,"$2,419,250.00",100.00%,Dallas Empire
Dota 2 (Elephant.4AM),"$22,450.50",0.93%,Four Angry Men
PUBG,"$1,169,708.23",48.38%,Four Angry Men
PUBG Mobile,"$1,225,461.60",50.69%,Four Angry Men
Age of Empires 2,"$87,020.00",3.60%,Tempo Storm
Apex Legends,"$20,000.00",0.83%,Tempo Storm
CS:GO,"$157,310.00",6.51%,Tempo Storm
CS:GO (Sweden),"$3,324.60",0.14%,Tempo Storm
FIFA,$0.00,0.00%,Tempo Storm
Fighting Games,"$25,546.00",1.06%,Tempo Storm
Fortnite,"$110,000.00",4.55%,Tempo Storm
Hearthstone / Artifact,"$322,458.14",13.34%,Tempo Storm
Heroes of the Storm,"$505,121.00",20.90%,Tempo Storm
League of Legends,"$8,000.00",0.33%,Tempo Storm
Overwatch,$0.00,0.00%,Tempo Storm
Overwatch (Australia),"$2,559.37",0.11%,Tempo Storm
Overwatch (North America),"$1,225.00",0.05%,Tempo Storm
PUBG,"$550,625.00",22.78%,Tempo Storm
PUBG Mobile,"$178,647.00",7.39%,Tempo Storm
Shadowverse,"$201,000.00",8.31%,Tempo Storm
Siege,"$21,000.00",0.87%,Tempo Storm
Super Smash Bros.,"$122,681.17",5.08%,Tempo Storm
Teamfight Tactics,$825.00,0.03%,Tempo Storm
Vainglory,"$3,800.00",0.16%,Tempo Storm
World of Warcraft,"$96,200.00",3.98%,Tempo Storm
Counter-Strike,"$249,370.91",11.23%,MIBR
CS:GO,"$1,543,987.64",69.56%,MIBR
CS:GO female,"$11,412.51",0.51%,MIBR
Rainbow Six,"$415,000.00",18.70%,MIBR
Apex Legends,"$177,787.00",8.15%,Rogue
Call of Duty,"$17,500.00",0.80%,Rogue
Counter-Strike: Global Offensive,"$181,924.65",8.33%,Rogue
Counter-Strike: Global Offensive (Academy),"$2,384.10",0.11%,Rogue
FIFA,"$542,500.00",24.85%,Rogue
Fortnite,"$7,525.00",0.34%,Rogue
League of Legends,"$164,492.00",7.54%,Rogue
League of Legends (Rogue EC),"$31,466.23",1.44%,Rogue
Overwatch,"$233,873.47",10.71%,Rogue
PUBG,"$5,000.00",0.23%,Rogue
Rainbow Six,"$414,761.27",19.00%,Rogue
Rocket League,"$389,810.11",17.86%,Rogue
Super Smash Bros.,"$12,228.38",0.56%,Rogue
Vainglory,"$1,500.00",0.07%,Rogue
Heroes of the Storm,"$50,100.00",2.47%,COGnitive Gaming
League of Legends,"$11,000.00",0.54%,COGnitive Gaming
Smite,"$1,407,623.59",69.47%,COGnitive Gaming
Smite (COG Red),"$441,839.00",21.81%,COGnitive Gaming
Smite (Xbox),"$47,500.00",2.34%,COGnitive Gaming
Super Smash Bros.,"$68,061.92",3.36%,COGnitive Gaming
DotA,"$102,298.95",5.46%,Team DK
Dota 2,"$1,538,998.85",82.14%,Team DK
Heroes of the Storm,"$127,944.58",6.83%,Team DK
WarCraft 3,"$104,376.53",5.57%,Team DK
Call of Duty,"$237,856.30",13.02%,Millenium
Counter Strike (Female),"$7,871.50",0.43%,Millenium
Counter-Strike,"$33,192.59",1.82%,Millenium
CS:GO,"$20,623.90",1.13%,Millenium
CS:GO (Millenium Ladies),"$1,949.11",0.11%,Millenium
FIFA,"$38,281.30",2.10%,Millenium
Fortnite (Row),"$3,865.48",0.21%,Millenium
Fortnite (Salty),"$129,736.62",7.10%,Millenium
Halo,"$3,239.39",0.18%,Millenium
Hearthstone,"$302,268.47",16.55%,Millenium
Heroes of the Storm,$100.00,0.01%,Millenium
League of Legends,"$246,933.62",13.52%,Millenium
PUBG,"$10,632.79",0.58%,Millenium
Rainbow Six,"$116,004.43",6.35%,Millenium
StarCraft II,"$674,167.18",36.91%,Millenium
Hearthstone,$0.00,0.00%,OMG
Heroes of Newerth,"$157,456.76",8.82%,OMG
Heroes of the Storm,"$30,456.01",1.71%,OMG
League of Legends (Oh My Dream),$0.00,0.00%,OMG
League of Legends (Oh My Girls),$0.00,0.00%,OMG
League of Legends (Oh My God),"$722,072.89",40.47%,OMG
Overwatch,"$20,768.17",1.16%,OMG
PUBG,"$753,543.35",42.23%,OMG
Smite (OMG A),"$12,720.00",0.71%,OMG
Smite (OMG B),"$54,630.00",3.06%,OMG
Smite (OMG),"$32,653.00",1.83%,OMG
Apex Legends,$0.00,0.00%,Epsilon eSports
Battlefield 4,"$36,524.15",2.08%,Epsilon eSports
Call of Duty,"$330,095.41",18.80%,Epsilon eSports
Call of Duty (Epsilon Impact),$0.00,0.00%,Epsilon eSports
Call of Duty (Epsilon Youth),$0.00,0.00%,Epsilon eSports
CS: Source,"$7,085.88",0.40%,Epsilon eSports
CS:GO,"$502,034.75",28.60%,Epsilon eSports
CS:GO (France),"$5,908.86",0.34%,Epsilon eSports
CS:GO (Hype),"$3,598.68",0.20%,Epsilon eSports
FIFA,"$33,000.00",1.88%,Epsilon eSports
Fighting Games,"$16,836.30",0.96%,Epsilon eSports
Gears of War,"$19,000.00",1.08%,Epsilon eSports
Halo,"$106,086.72",6.04%,Epsilon eSports
Heroes of the Storm,"$5,000.00",0.28%,Epsilon eSports
League of Legends,"$38,087.61",2.17%,Epsilon eSports
Rainbow Six,"$9,202.06",0.52%,Epsilon eSports
Rocket League,"$36,948.76",2.10%,Epsilon eSports
Shootmania,"$5,500.00",0.31%,Epsilon eSports
Smite,"$570,000.00",32.47%,Epsilon eSports
Smite (XBox),"$5,000.00",0.28%,Epsilon eSports
Team Fortress 2,"$22,246.23",1.27%,Epsilon eSports
Wolfenstein: Enemy Territory,"$3,347.62",0.19%,Epsilon eSports
Apex Legends,$0.00,0.00%,Susquehanna Soniqs
PUBG,"$1,578,277.75",90.25%,Susquehanna Soniqs
Rainbow Six,"$93,250.00",5.33%,Susquehanna Soniqs
Rocket League,"$72,947.36",4.17%,Susquehanna Soniqs
VALORANT,"$4,250.00",0.24%,Susquehanna Soniqs
Call of Duty,"$100,000.00",5.73%,Echo Fox
CS:GO,"$117,300.00",6.72%,Echo Fox
Dragon Ball FighterZ,"$1,873.37",0.11%,Echo Fox
Gears of War,"$221,500.00",12.69%,Echo Fox
H1Z1,"$57,048.80",3.27%,Echo Fox
Injustice,"$26,045.87",1.49%,Echo Fox
League of Legends,"$35,000.00",2.01%,Echo Fox
League of Legends (Delta Fox),$0.00,0.00%,Echo Fox
League of Legends (EF Academy),"$13,000.00",0.74%,Echo Fox
Madden,"$5,000.00",0.29%,Echo Fox
Mortal Kombat,"$338,528.61",19.40%,Echo Fox
Street Fighter,"$430,131.66",24.65%,Echo Fox
Super Smash Bros,"$298,344.31",17.10%,Echo Fox
Tekken,"$101,211.87",5.80%,Echo Fox
Vainglory,$0.00,0.00%,Echo Fox
Apex Legends,"$47,767.00",2.76%,Renegades
Call of Duty,"$64,000.00",3.70%,Renegades
CS:GO,"$1,022,341.74",59.03%,Renegades
Fortnite,"$82,517.60",4.76%,Renegades
Halo,"$175,500.00",10.13%,Renegades
League of Legends,"$37,500.00",2.17%,Renegades
League of Legends (RNG Banditos),"$13,028.61",0.75%,Renegades
Overwatch,"$18,448.00",1.07%,Renegades
Paladins,"$29,000.00",1.67%,Renegades
Rocket League,"$150,820.00",8.71%,Renegades
Smite,"$40,000.00",2.31%,Renegades
Super Smash Bros,"$31,339.78",1.81%,Renegades
VALORANT,"$19,500.00",1.13%,Renegades
Counter-Strike (Tyloo.cn),"$104,398.92",6.09%,TyLoo
Counter-Strike (Tyloo.raw),"$24,270.66",1.42%,TyLoo
Counter-Strike Online,"$128,430.00",7.49%,TyLoo
CS:GO,"$1,334,756.83",77.89%,TyLoo
DotA / Dota 2,"$3,099.15",0.18%,TyLoo
League of Legends,"$47,100.00",2.75%,TyLoo
PUBG,"$8,876.24",0.52%,TyLoo
StarCraft 2 / WarCraft 3,"$59,738.09",3.49%,TyLoo
VALORANT,"$2,926.80",0.17%,TyLoo
Counter-Strike,"$5,565.53",0.33%,HellRaisers
CS:GO,"$852,425.08",49.98%,HellRaisers
Dota 2,"$383,142.17",22.46%,HellRaisers
Fortnite,"$3,200.00",0.19%,HellRaisers
Hearthstone,"$1,200.00",0.07%,HellRaisers
World of Tanks,"$460,096.64",26.98%,HellRaisers
Brawl Stars,$0.00,0.00%,BIG
CS:GO,"$1,300,951.49",76.81%,BIG
CS:GO (BIG Academy),"$27,341.50",1.61%,BIG
Fortnite,$0.00,0.00%,BIG
League of Legends,"$253,360.19",14.96%,BIG
PUBG,$0.00,0.00%,BIG
Quake,"$75,560.71",4.46%,BIG
StarCraft 2,"$33,616.99",1.98%,BIG
Trackmania,"$2,011.39",0.12%,BIG
VALORANT,$882.64,0.05%,BIG
CS:GO,"$100,000.00",6.01%,FunPlus Phoenix
Fortnite,"$57,247.00",3.44%,FunPlus Phoenix
League of Legends,"$1,329,301.37",79.83%,FunPlus Phoenix
League of Legends (FunPlus Phoenix Blaze),"$50,924.30",3.06%,FunPlus Phoenix
PUBG,"$33,886.17",2.04%,FunPlus Phoenix
VALORANT,"$93,768.02",5.63%,FunPlus Phoenix
Overwatch,"$1,425,000.00",87.36%,London Spitfire
Overwatch (British Hurricane),"$206,136.50",12.64%,London Spitfire
Overwatch,"$1,475,000.00",92.91%,New York Excelsior
Overwatch (XL2 Academy),"$112,618.50",7.09%,New York Excelsior
Arena of Valor,"$231,468.62",14.77%,Top Esports
League of Legends,"$1,024,395.86",65.35%,Top Esports
League of Legends (TES Challenger),$0.00,0.00%,Top Esports
PUBG Mobile,"$297,587.55",18.98%,Top Esports
Starcraft 2,"$14,078.76",0.90%,Top Esports
CS:GO,"$729,251.21",47.21%,Team Spirit
CS:GO (Academy),"$11,000.00",0.71%,Team Spirit
Dota 2,"$528,502.41",34.21%,Team Spirit
Hearthstone,"$275,968.49",17.86%,Team Spirit
PUBG,$100.00,0.01%,Team Spirit
League of Legends,"$1,432,200.58",93.63%,Taipei Assassins
League of Legends (Taipei Snipers),"$97,364.81",6.37%,Taipei Assassins
Arena of Valor,"$267,634.02",17.55%,ahq e-Sports Club
Clash Royale,"$8,000.00",0.52%,ahq e-Sports Club
CS:GO,"$1,000.00",0.07%,ahq e-Sports Club
Hearthstone,"$119,902.72",7.86%,ahq e-Sports Club
Heroes of the Storm,"$6,133.56",0.40%,ahq e-Sports Club
League of Legends,"$814,327.07",53.40%,ahq e-Sports Club
League of Legends (ahq Fighter),"$26,279.38",1.72%,ahq e-Sports Club
League of Legends (ahq Snipers),$0.00,0.00%,ahq e-Sports Club
Overwatch,"$68,181.27",4.47%,ahq e-Sports Club
Overwatch (ahq S),"$17,318.77",1.14%,ahq e-Sports Club
PUBG,"$171,815.85",11.27%,ahq e-Sports Club
PUBG (ahq Fighter),"$2,480.00",0.16%,ahq e-Sports Club
VALORANT,"$22,000.00",1.44%,ahq e-Sports Club
FIFA Online,"$28,880.00",1.90%,Afreeca Freecs
Hearthstone,"$3,500.00",0.23%,Afreeca Freecs
League of Legends,"$497,215.72",32.66%,Afreeca Freecs
League of Legends (AF Academy),$0.00,0.00%,Afreeca Freecs
Overwatch,"$20,884.92",1.37%,Afreeca Freecs
Overwatch (AF.Blue),"$78,564.54",5.16%,Afreeca Freecs
Overwatch (AF.Red),"$5,832.16",0.38%,Afreeca Freecs
PUBG,"$188,388.62",12.37%,Afreeca Freecs
PUBG (AF Ares),"$15,979.50",1.05%,Afreeca Freecs
PUBG (AF Fatal),"$212,059.36",13.93%,Afreeca Freecs
StarCraft 2,"$109,769.70",7.21%,Afreeca Freecs
StarCraft 2 (Afreeca S2),"$341,000.66",22.40%,Afreeca Freecs
WarCraft 3,"$20,328.68",1.34%,Afreeca Freecs
Call of Duty,"$1,510,000.00",99.56%,Toronto Ultra
Call Of Duty: Warzone,"$6,733.34",0.44%,Toronto Ultra
League of Legends (CJ Blaze),"$168,636.81",11.22%,CJ Entus
League of Legends (CJ Entus),"$147,430.39",9.81%,CJ Entus
League of Legends (CJ Frost),"$103,438.07",6.88%,CJ Entus
PUBG (CJ Entus Ace),"$7,576.00",0.50%,CJ Entus
PUBG (CJ Entus Force),$0.00,0.00%,CJ Entus
Special Force,$0.00,0.00%,CJ Entus
StarCraft 2,"$422,606.59",28.13%,CJ Entus
StarCraft: Brood War,"$652,770.61",43.45%,CJ Entus
Apex Legends,"$30,590.00",2.05%,Team Reciprocity
Call of Duty,"$309,375.00",20.69%,Team Reciprocity
Fighting Games,"$89,473.68",5.98%,Team Reciprocity
Gears of War,"$256,000.00",17.12%,Team Reciprocity
Halo,"$199,900.00",13.37%,Team Reciprocity
PUBG,"$15,018.02",1.00%,Team Reciprocity
Rainbow Six,"$343,000.00",22.94%,Team Reciprocity
Rocket League,"$84,928.61",5.68%,Team Reciprocity
StarCraft 2,"$166,770.55",11.15%,Team Reciprocity
Clash of Clans,"$432,800.00",29.09%,ALTERNATE aTTaX
Counter-Strike,"$332,841.50",22.37%,ALTERNATE aTTaX
Counter-Strike (Female),"$5,186.00",0.35%,ALTERNATE aTTaX
Counter-Strike Source,"$54,441.04",3.66%,ALTERNATE aTTaX
CS:GO,"$423,281.63",28.45%,ALTERNATE aTTaX
CS:GO Female,"$3,000.00",0.20%,ALTERNATE aTTaX
Dota 2,"$27,479.54",1.85%,ALTERNATE aTTaX
FIFA,$0.00,0.00%,ALTERNATE aTTaX
Heroes of the Storm (Alternate Fancy),"$3,970.10",0.27%,ALTERNATE aTTaX
Heroes of the Storm (Alternate),$785.47,0.05%,ALTERNATE aTTaX
League of Legends,"$55,279.64",3.72%,ALTERNATE aTTaX
League of Legends (Female),"$1,000.00",0.07%,ALTERNATE aTTaX
Overwatch,$540.00,0.04%,ALTERNATE aTTaX
PUBG,"$22,425.57",1.51%,ALTERNATE aTTaX
Racing Games,$0.00,0.00%,ALTERNATE aTTaX
StarCraft II,"$124,567.98",8.37%,ALTERNATE aTTaX
Call of Duty,"$932,965.00",62.83%,Rise Nation
CS:GO,"$32,500.00",2.19%,Rise Nation
Fighting Games,"$303,129.94",20.42%,Rise Nation
Fortnite,"$31,000.00",2.09%,Rise Nation
Gears of War,"$148,500.00",10.00%,Rise Nation
Overwatch,"$3,965.00",0.27%,Rise Nation
Rainbow Six,"$19,000.00",1.28%,Rise Nation
VALORANT,"$13,750.00",0.93%,Rise Nation
Arena of Valor,"$1,202,931.89",81.75%,Qiao Gu Reapers
League of Legends,"$171,577.28",11.66%,Qiao Gu Reapers
Overwatch (QG.craze),"$26,593.66",1.81%,Qiao Gu Reapers
Overwatch (QG.zen),$0.00,0.00%,Qiao Gu Reapers
Paladins,$0.00,0.00%,Qiao Gu Reapers
PUBG,"$45,372.00",3.08%,Qiao Gu Reapers
Smite,"$25,000.00",1.70%,Qiao Gu Reapers
Chess,$750.00,0.05%,FURIA Esports
CS:GO,"$1,098,656.10",75.95%,FURIA Esports
CS:GO (Female),"$26,639.99",1.84%,FURIA Esports
CS:GO (FURIA Academy),"$2,033.30",0.14%,FURIA Esports
Dota 2,"$19,875.00",1.37%,FURIA Esports
Fortnite,"$50,000.00",3.46%,FURIA Esports
League of Legends,"$5,712.36",0.39%,FURIA Esports
PUBG,"$76,220.10",5.27%,FURIA Esports
Rainbow Six,"$95,000.00",6.57%,FURIA Esports
Rocket League,"$46,700.00",3.23%,FURIA Esports
VALORANT,"$24,876.33",1.72%,FURIA Esports
CS:GO,"$1,435,147.85",100.00%,Heroic
Fortnite,"$1,355,842.35",94.59%,LeStream Esport
Rainbow Six,"$63,449.52",4.43%,LeStream Esport
Super Smash Bros.,"$14,100.90",0.98%,LeStream Esport
TFT,$0.00,0.00%,LeStream Esport
Battlefield,"$4,397.41",0.31%,Infamous
Clash Royale,$0.00,0.00%,Infamous
Dota 2,"$1,426,048.60",99.62%,Infamous
Dota 2 (Infamous Young),"$1,000.00",0.07%,Infamous
Hearthstone,$0.00,0.00%,Infamous
Arena of Valor (ROX Phoenix),"$142,889.92",10.69%,ROX Gaming
League of Legends (GE Tigers),"$76,611.67",5.73%,ROX Gaming
League of Legends (HUYA Tigers),$0.00,0.00%,ROX Gaming
League of Legends (KOO Tigers),"$277,133.91",20.72%,ROX Gaming
League of Legends (ROX Tigers),"$625,296.40",46.76%,ROX Gaming
Overwatch (ROX Orcas),"$1,515.64",0.11%,ROX Gaming
PUBG (ROX Orcas Blue),$910.00,0.07%,ROX Gaming
Tekken (ROX Dragons),"$212,890.72",15.92%,ROX Gaming
Apex Legends,"$60,740.00",4.60%,North
CS:GO,"$1,162,500.00",88.05%,North
CS:GO (North Academy),"$36,910.05",2.80%,North
FIFA,"$60,108.67",4.55%,North
League of Legends (IM #1),"$62,516.36",4.76%,Incredible Miracle
League of Legends (IM #2),"$26,298.88",2.00%,Incredible Miracle
League of Legends (IM Athena),"$16,967.27",1.29%,Incredible Miracle
League of Legends (IM),"$48,832.81",3.72%,Incredible Miracle
StarCraft II,"$1,111,753.40",84.68%,Incredible Miracle
World of WarCraft,"$46,500.00",3.54%,Incredible Miracle
Artifact,$444.86,0.03%,Keen Gaming
Dota 2,"$1,238,064.22",96.47%,Keen Gaming
Dota 2 (Keen.Luminous),"$36,592.13",2.85%,Keen Gaming
PUBG,"$8,204.38",0.64%,Keen Gaming
Apex Legends,"$18,700.00",1.46%,Misfits
Clash Royale,"$25,000.00",1.96%,Misfits
CS:GO,"$144,700.00",11.32%,Misfits
Fortnite,"$298,500.00",23.35%,Misfits
Hearthstone,"$22,249.58",1.74%,Misfits
Heroes of the Storm,"$40,000.00",3.13%,Misfits
League of Legends,"$320,873.78",25.10%,Misfits
League of Legends (MSF Academy/Premier),"$175,189.98",13.70%,Misfits
Overwatch,"$172,484.12",13.49%,Misfits
PUBG Mobile,"$12,240.00",0.96%,Misfits
Super Smash Bros,"$48,646.05",3.80%,Misfits
Vainglory,$0.00,0.00%,Misfits
