Country,Total Earning by Player,Percentage of Country Total Earning,Team
United States,"$6,608,262.09",17.62%,Team Liquid
Germany,"$5,325,911.27",14.20%,Team Liquid
Bulgaria,"$4,534,754.00",12.09%,Team Liquid
Finland,"$4,302,492.00",11.47%,Team Liquid
Jordan,"$4,068,404.40",10.85%,Team Liquid
Lebanon,"$4,063,004.40",10.83%,Team Liquid
Canada,"$1,863,646.21",4.97%,Team Liquid
Brazil,"$1,310,872.90",3.49%,Team Liquid
"Korea, Republic of","$938,630.45",2.50%,Team Liquid
Romania,"$929,373.27",2.48%,Team Liquid
Norway,"$696,061.07",1.86%,Team Liquid
Netherlands,"$533,009.49",1.42%,Team Liquid
Sweden,"$423,358.18",1.13%,Team Liquid
Denmark,"$308,110.50",0.82%,Team Liquid
United Kingdom,"$186,636.81",0.50%,Team Liquid
Philippines,"$142,458.50",0.38%,Team Liquid
Spain,"$134,547.98",0.36%,Team Liquid
Ukraine,"$123,931.75",0.33%,Team Liquid
Gibraltar,"$122,100.00",0.33%,Team Liquid
Poland,"$115,605.55",0.31%,Team Liquid
France,"$115,104.54",0.31%,Team Liquid
Mexico,"$70,250.00",0.19%,Team Liquid
Japan,"$40,837.41",0.11%,Team Liquid
Croatia,"$40,500.00",0.11%,Team Liquid
Russian Federation,"$37,500.00",0.10%,Team Liquid
Belgium,"$32,524.22",0.09%,Team Liquid
Australia,"$27,500.00",0.07%,Team Liquid
Hong Kong,"$19,878.82",0.05%,Team Liquid
Portugal,"$10,324.26",0.03%,Team Liquid
China,"$7,000.00",0.02%,Team Liquid
Venezuela,"$6,000.00",0.02%,Team Liquid
Latvia,"$6,000.00",0.02%,Team Liquid
Italy,"$3,599.99",0.01%,Team Liquid
Finland,"$11,691,002.73",33.84%,OG
Denmark,"$7,511,544.49",21.74%,OG
Australia,"$5,976,645.23",17.30%,OG
France,"$5,601,915.56",16.21%,OG
Israel,"$1,288,398.00",3.73%,OG
Jordan,"$716,488.93",2.07%,OG
Sweden,"$670,132.40",1.94%,OG
Canada,"$611,005.60",1.77%,OG
Poland,"$124,783.33",0.36%,OG
"Macedonia, The Former Yugoslav Republic of","$89,571.40",0.26%,OG
Malaysia,"$67,556.40",0.20%,OG
Ukraine,"$57,600.00",0.17%,OG
Pakistan,"$22,092.00",0.06%,OG
United States,"$16,239.26",0.05%,OG
Greece,"$10,520.00",0.03%,OG
United States,"$10,926,370.42",44.29%,Evil Geniuses
Canada,"$4,072,852.40",16.51%,Evil Geniuses
Pakistan,"$3,570,225.34",14.47%,Evil Geniuses
Sweden,"$1,976,496.43",8.01%,Evil Geniuses
Denmark,"$1,539,046.79",6.24%,Evil Geniuses
Israel,"$1,025,086.20",4.16%,Evil Geniuses
"Korea, Republic of","$436,034.12",1.77%,Evil Geniuses
Bulgaria,"$196,700.00",0.80%,Evil Geniuses
Japan,"$124,125.06",0.50%,Evil Geniuses
Philippines,"$124,050.00",0.50%,Evil Geniuses
Russian Federation,"$91,147.38",0.37%,Evil Geniuses
France,"$71,848.82",0.29%,Evil Geniuses
Netherlands,"$68,750.98",0.28%,Evil Geniuses
Singapore,"$51,600.00",0.21%,Evil Geniuses
Mexico,"$36,600.00",0.15%,Evil Geniuses
United Kingdom,"$27,666.29",0.11%,Evil Geniuses
Finland,"$23,172.35",0.09%,Evil Geniuses
Germany,"$15,619.98",0.06%,Evil Geniuses
Australia,"$12,277.08",0.05%,Evil Geniuses
Puerto Rico,"$10,959.87",0.04%,Evil Geniuses
Poland,"$9,300.00",0.04%,Evil Geniuses
Belgium,"$6,180.00",0.03%,Evil Geniuses
Italy,"$5,000.00",0.02%,Evil Geniuses
China,"$3,000.00",0.01%,Evil Geniuses
Lebanon,"$2,066.67",0.01%,Evil Geniuses
Croatia,$571.29,0.00%,Evil Geniuses
Sweden,"$7,176,606.55",44.15%,Fnatic
Malaysia,"$1,815,813.74",11.17%,Fnatic
Philippines,"$1,024,401.76",6.30%,Fnatic
Denmark,"$788,112.60",4.85%,Fnatic
France,"$605,131.49",3.72%,Fnatic
United Kingdom,"$450,691.05",2.77%,Fnatic
Netherlands,"$446,420.98",2.75%,Fnatic
"Korea, Republic of","$404,408.39",2.49%,Fnatic
Australia,"$334,616.06",2.06%,Fnatic
Bulgaria,"$311,694.31",1.92%,Fnatic
Belgium,"$297,255.46",1.83%,Fnatic
Thailand,"$259,990.20",1.60%,Fnatic
Finland,"$215,949.50",1.33%,Fnatic
Singapore,"$194,590.20",1.20%,Fnatic
Canada,"$165,808.33",1.02%,Fnatic
Germany,"$158,758.21",0.98%,Fnatic
United States,"$154,059.56",0.95%,Fnatic
Spain,"$123,555.48",0.76%,Fnatic
Poland,"$113,564.04",0.70%,Fnatic
Slovenia,"$82,396.41",0.51%,Fnatic
Estonia,"$64,755.20",0.40%,Fnatic
Israel,"$62,671.04",0.39%,Fnatic
Italy,"$50,006.18",0.31%,Fnatic
Norway,"$47,972.39",0.30%,Fnatic
China,"$37,340.00",0.23%,Fnatic
Ireland,"$34,231.55",0.21%,Fnatic
Russian Federation,"$29,356.57",0.18%,Fnatic
Croatia,"$29,337.15",0.18%,Fnatic
Czech Republic,"$29,336.65",0.18%,Fnatic
Portugal,"$24,049.90",0.15%,Fnatic
Peru,"$19,578.37",0.12%,Fnatic
Romania,"$17,742.91",0.11%,Fnatic
"Taiwan, Republic of China","$15,726.83",0.10%,Fnatic
Brazil,"$15,222.22",0.09%,Fnatic
Bosnia and Herzegovina,"$14,482.81",0.09%,Fnatic
Serbia,"$13,353.60",0.08%,Fnatic
Turkey,"$9,700.00",0.06%,Fnatic
India,"$8,565.00",0.05%,Fnatic
Switzerland,"$6,814.34",0.04%,Fnatic
Lithuania,"$5,000.00",0.03%,Fnatic
Iceland,"$1,303.01",0.01%,Fnatic
Indonesia,"$1,000.00",0.01%,Fnatic
Russian Federation,"$7,651,318.48",47.66%,Virtus.pro
Ukraine,"$3,175,435.31",19.78%,Virtus.pro
Poland,"$3,047,141.18",18.98%,Virtus.pro
Kazakhstan,"$478,885.83",2.98%,Virtus.pro
Belarus,"$459,064.40",2.86%,Virtus.pro
Latvia,"$211,653.89",1.32%,Virtus.pro
Uzbekistan,"$205,700.00",1.28%,Virtus.pro
"Moldova, Republic of","$127,597.21",0.79%,Virtus.pro
Germany,"$59,412.73",0.37%,Virtus.pro
Kyrgyzstan,"$51,000.00",0.32%,Virtus.pro
Denmark,"$15,646.54",0.10%,Virtus.pro
Sweden,"$12,593.34",0.08%,Virtus.pro
Finland,"$10,000.00",0.06%,Virtus.pro
Estonia,"$7,844.25",0.05%,Virtus.pro
Norway,"$7,046.67",0.04%,Virtus.pro
Portugal,"$5,000.00",0.03%,Virtus.pro
Italy,"$5,000.00",0.03%,Virtus.pro
Slovakia,"$2,692.54",0.02%,Virtus.pro
China,"$11,545,236.07",81.16%,Newbee
Australia,"$1,349,865.33",9.49%,Newbee
United States,"$411,961.20",2.90%,Newbee
Malaysia,"$190,900.80",1.34%,Newbee
"Korea, Republic of","$154,914.54",1.09%,Newbee
Pakistan,"$137,320.40",0.97%,Newbee
Sweden,"$137,320.40",0.97%,Newbee
Canada,"$60,482.35",0.43%,Newbee
China,"$10,138,555.99",74.73%,Vici Gaming
United States,"$620,632.40",4.57%,Vici Gaming
Singapore,"$583,203.43",4.30%,Vici Gaming
Pakistan,"$197,310.80",1.45%,Vici Gaming
Ukraine,"$197,310.80",1.45%,Vici Gaming
Macao,"$195,757.95",1.44%,Vici Gaming
Germany,"$150,421.91",1.11%,Vici Gaming
"Korea, Republic of","$75,400.42",0.56%,Vici Gaming
Malaysia,"$52,235.36",0.38%,Vici Gaming
Hong Kong,"$44,906.51",0.33%,Vici Gaming
Ukraine,"$5,587,895.37",42.00%,Natus Vincere
Russian Federation,"$3,917,043.55",29.44%,Natus Vincere
Estonia,"$590,454.18",4.44%,Natus Vincere
Germany,"$375,672.11",2.82%,Natus Vincere
Uzbekistan,"$310,718.57",2.34%,Natus Vincere
Slovakia,"$297,044.63",2.23%,Natus Vincere
Kyrgyzstan,"$261,880.40",1.97%,Natus Vincere
United Kingdom,"$210,449.65",1.58%,Natus Vincere
Sweden,"$177,761.73",1.34%,Natus Vincere
Netherlands,"$147,565.70",1.11%,Natus Vincere
Belarus,"$134,785.68",1.01%,Natus Vincere
Poland,"$111,792.40",0.84%,Natus Vincere
Finland,"$106,538.73",0.80%,Natus Vincere
Denmark,"$72,446.02",0.54%,Natus Vincere
Bulgaria,"$50,021.05",0.38%,Natus Vincere
Croatia,"$43,257.04",0.33%,Natus Vincere
France,"$21,586.13",0.16%,Natus Vincere
Serbia,"$12,000.00",0.09%,Natus Vincere
United States,"$9,588.95",0.07%,Natus Vincere
"Korea, Republic of","$4,500.00",0.03%,Natus Vincere
Spain,"$4,226.47",0.03%,Natus Vincere
Switzerland,"$4,115.41",0.03%,Natus Vincere
Lithuania,"$3,815.45",0.03%,Natus Vincere
Canada,"$1,247.69",0.01%,Natus Vincere
Slovenia,$700.00,0.01%,Natus Vincere
Estonia,"$2,319,335.69",18.82%,Team Secret
Sweden,"$2,046,463.64",16.61%,Team Secret
Jordan,"$1,513,068.87",12.28%,Team Secret
Malaysia,"$1,355,076.87",11.00%,Team Secret
Germany,"$988,588.65",8.02%,Team Secret
Poland,"$930,044.80",7.55%,Team Secret
Denmark,"$928,423.45",7.53%,Team Secret
Canada,"$763,384.27",6.19%,Team Secret
Romania,"$371,807.40",3.02%,Team Secret
Finland,"$244,188.52",1.98%,Team Secret
"Korea, Republic of","$144,438.53",1.17%,Team Secret
Latvia,"$130,794.74",1.06%,Team Secret
United Kingdom,"$96,297.40",0.78%,Team Secret
Norway,"$93,716.25",0.76%,Team Secret
United States,"$41,272.61",0.33%,Team Secret
France,"$37,877.08",0.31%,Team Secret
Spain,"$29,196.05",0.24%,Team Secret
Israel,"$25,694.49",0.21%,Team Secret
Thailand,"$20,000.00",0.16%,Team Secret
Serbia,"$19,097.34",0.15%,Team Secret
Netherlands,"$14,063.11",0.11%,Team Secret
Russian Federation,"$13,787.65",0.11%,Team Secret
"Kosovo, Republic of","$8,363.69",0.07%,Team Secret
Viet Nam,"$3,803.45",0.03%,Team Secret
Colombia,"$2,550.00",0.02%,Team Secret
Switzerland,"$2,312.50",0.02%,Team Secret
Hungary,"$2,153.95",0.02%,Team Secret
Albania,"$2,000.00",0.02%,Team Secret
Chile,"$1,750.00",0.01%,Team Secret
Dominican Republic,$550.00,0.00%,Team Secret
Panama,$500.00,0.00%,Team Secret
Belgium,$472.37,0.00%,Team Secret
Ireland,$472.37,0.00%,Team Secret
China,"$8,948,820.76",74.03%,Invictus Gaming
"Korea, Republic of","$1,679,093.14",13.89%,Invictus Gaming
Malaysia,"$835,810.19",6.91%,Invictus Gaming
Australia,"$27,047.18",0.22%,Invictus Gaming
Singapore,"$20,359.48",0.17%,Invictus Gaming
Macao,"$7,000.00",0.06%,Invictus Gaming
Hong Kong,"$5,381.94",0.04%,Invictus Gaming
Russian Federation,"$3,800.00",0.03%,Invictus Gaming
Indonesia,"$3,500.00",0.03%,Invictus Gaming
China,"$9,035,489.09",76.78%,LGD Gaming
Macao,"$829,558.46",7.05%,LGD Gaming
Malaysia,"$593,679.00",5.05%,LGD Gaming
"Korea, Republic of","$163,411.40",1.39%,LGD Gaming
Hong Kong,"$6,546.32",0.06%,LGD Gaming
Canada,"$2,861.36",0.02%,LGD Gaming
Sweden,"$2,861.36",0.02%,LGD Gaming
Russian Federation,"$2,861.36",0.02%,LGD Gaming
Denmark,"$2,861.36",0.02%,LGD Gaming
United States,"$2,861.36",0.02%,LGD Gaming
United States,"$5,104,008.45",48.25%,Cloud9
Canada,"$1,578,240.65",14.92%,Cloud9
Denmark,"$979,975.01",9.26%,Cloud9
"Korea, Republic of","$513,949.21",4.86%,Cloud9
Sweden,"$320,741.05",3.03%,Cloud9
Romania,"$311,693.97",2.95%,Cloud9
Ukraine,"$231,915.23",2.19%,Cloud9
Brazil,"$230,477.60",2.18%,Cloud9
Germany,"$222,009.60",2.10%,Cloud9
Netherlands,"$162,718.38",1.54%,Cloud9
China,"$78,937.16",0.75%,Cloud9
Philippines,"$45,427.50",0.43%,Cloud9
Belgium,"$44,235.12",0.42%,Cloud9
South Africa,"$43,000.00",0.41%,Cloud9
France,"$42,238.75",0.40%,Cloud9
Australia,"$41,500.00",0.39%,Cloud9
Croatia,"$23,500.00",0.22%,Cloud9
United Kingdom,"$17,921.64",0.17%,Cloud9
Spain,"$10,164.62",0.10%,Cloud9
Estonia,"$9,345.03",0.09%,Cloud9
Norway,"$6,789.83",0.06%,Cloud9
Poland,"$4,727.34",0.04%,Cloud9
Russian Federation,"$4,400.00",0.04%,Cloud9
Austria,"$4,243.28",0.04%,Cloud9
Iraq,"$4,000.00",0.04%,Cloud9
Turkey,"$4,000.00",0.04%,Cloud9
Portugal,"$3,333.34",0.03%,Cloud9
Malaysia,"$1,750.00",0.02%,Cloud9
Israel,"$1,250.00",0.01%,Cloud9
"Korea, Republic of","$9,345,835.45",89.39%,T1
Indonesia,"$146,713.40",1.40%,T1
Philippines,"$138,500.00",1.32%,T1
Greece,"$62,973.00",0.60%,T1
Thailand,"$61,800.00",0.59%,T1
United States,"$51,563.42",0.49%,T1
Sweden,"$45,148.00",0.43%,T1
United Kingdom,"$38,000.00",0.36%,T1
Mexico,"$34,628.60",0.33%,T1
Denmark,"$14,797.05",0.14%,T1
Singapore,"$11,813.40",0.11%,T1
China,"$9,797.26",0.09%,T1
Lao People's Democratic Republic,"$6,700.00",0.06%,T1
Canada,"$4,300.00",0.04%,T1
Germany,"$4,175.00",0.04%,T1
Australia,$497.04,0.00%,T1
China,"$7,638,352.56",74.76%,Paris Saint-Germain Esports
Malaysia,"$1,895,588.14",18.55%,Paris Saint-Germain Esports
France,"$236,138.36",2.31%,Paris Saint-Germain Esports
Singapore,"$160,333.34",1.57%,Paris Saint-Germain Esports
Denmark,"$56,966.16",0.56%,Paris Saint-Germain Esports
Japan,"$54,083.34",0.53%,Paris Saint-Germain Esports
United Kingdom,"$20,940.94",0.20%,Paris Saint-Germain Esports
Brazil,"$8,000.00",0.08%,Paris Saint-Germain Esports
Austria,"$3,125.00",0.03%,Paris Saint-Germain Esports
"Korea, Republic of","$2,521.76",0.02%,Paris Saint-Germain Esports
Finland,"$1,260.88",0.01%,Paris Saint-Germain Esports
Sweden,"$1,260.88",0.01%,Paris Saint-Germain Esports
Netherlands,"$1,260.88",0.01%,Paris Saint-Germain Esports
United States,"$3,371,669.66",33.27%,FaZe Clan
Norway,"$1,142,740.70",11.28%,FaZe Clan
Sweden,"$980,518.73",9.67%,FaZe Clan
Denmark,"$730,514.95",7.21%,FaZe Clan
Bosnia and Herzegovina,"$665,634.54",6.57%,FaZe Clan
Brazil,"$548,689.85",5.41%,FaZe Clan
Finland,"$504,335.22",4.98%,FaZe Clan
Slovakia,"$496,790.73",4.90%,FaZe Clan
Russian Federation,"$345,723.41",3.41%,FaZe Clan
United Kingdom,"$342,625.00",3.38%,FaZe Clan
Canada,"$155,138.81",1.53%,FaZe Clan
France,"$132,755.53",1.31%,FaZe Clan
Latvia,"$132,665.24",1.31%,FaZe Clan
Afghanistan,"$65,750.00",0.65%,FaZe Clan
Thailand,"$60,044.81",0.59%,FaZe Clan
Kazakhstan,"$54,633.33",0.54%,FaZe Clan
Netherlands,"$24,975.24",0.25%,FaZe Clan
Poland,"$22,000.00",0.22%,FaZe Clan
Portugal,"$21,900.00",0.22%,FaZe Clan
Belgium,"$2,916.67",0.03%,FaZe Clan
"Korea, Republic of","$2,500.00",0.02%,FaZe Clan
Spain,$350.00,0.00%,FaZe Clan
China,"$9,716,167.00",99.70%,Wings Gaming
Denmark,"$9,039,085.40",99.32%,Astralis
France,"$2,087,593.83",24.21%,G2 Esports
Denmark,"$961,246.32",11.15%,G2 Esports
Finland,"$618,223.54",7.17%,G2 Esports
United States,"$552,719.48",6.41%,G2 Esports
Croatia,"$470,329.75",5.45%,G2 Esports
Spain,"$455,364.73",5.28%,G2 Esports
"Korea, Republic of","$437,595.32",5.07%,G2 Esports
Netherlands,"$426,819.29",4.95%,G2 Esports
Sweden,"$414,234.30",4.80%,G2 Esports
Poland,"$413,466.85",4.79%,G2 Esports
Bosnia and Herzegovina,"$275,400.00",3.19%,G2 Esports
Canada,"$240,288.47",2.79%,G2 Esports
Germany,"$213,664.37",2.48%,G2 Esports
Slovenia,"$202,251.87",2.35%,G2 Esports
Serbia,"$189,300.00",2.20%,G2 Esports
Belgium,"$156,986.21",1.82%,G2 Esports
Romania,"$104,746.77",1.21%,G2 Esports
United Kingdom,"$60,062.05",0.70%,G2 Esports
Australia,"$42,823.61",0.50%,G2 Esports
Ukraine,"$32,772.65",0.38%,G2 Esports
Latvia,"$24,020.50",0.28%,G2 Esports
Norway,"$19,916.04",0.23%,G2 Esports
Portugal,"$8,850.00",0.10%,G2 Esports
Lithuania,"$4,130.18",0.05%,G2 Esports
Philippines,"$2,886.49",0.03%,G2 Esports
Afghanistan,"$2,500.04",0.03%,G2 Esports
Russian Federation,$0.00,0.00%,G2 Esports
"Korea, Republic of","$6,523,626.98",82.07%,Gen.G Esports
United States,"$616,105.37",7.75%,Gen.G Esports
Canada,"$91,000.00",1.14%,Gen.G Esports
Indonesia,"$31,383.33",0.39%,Gen.G Esports
China,"$26,616.42",0.33%,Gen.G Esports
Sweden,"$1,700.00",0.02%,Gen.G Esports
Philippines,"$1,501.40",0.02%,Gen.G Esports
United States,"$5,144,485.80",65.06%,OpTic Gaming
Canada,"$1,217,440.12",15.40%,OpTic Gaming
Sweden,"$516,431.60",6.53%,OpTic Gaming
Denmark,"$253,000.00",3.20%,OpTic Gaming
Israel,"$231,359.80",2.93%,OpTic Gaming
Philippines,"$224,550.00",2.84%,OpTic Gaming
Spain,"$205,528.33",2.60%,OpTic Gaming
Estonia,"$24,950.00",0.32%,OpTic Gaming
Finland,"$23,950.00",0.30%,OpTic Gaming
United Kingdom,"$14,502.50",0.18%,OpTic Gaming
"Macedonia, The Former Yugoslav Republic of","$13,560.00",0.17%,OpTic Gaming
Mexico,"$6,000.00",0.08%,OpTic Gaming
India,"$5,433.00",0.07%,OpTic Gaming
Brazil,"$5,287.00",0.07%,OpTic Gaming
Puerto Rico,"$1,500.00",0.02%,OpTic Gaming
United States,"$3,551,481.34",47.23%,Team SoloMid
Denmark,"$1,004,528.91",13.36%,Team SoloMid
Canada,"$708,982.49",9.43%,Team SoloMid
Sweden,"$194,345.21",2.58%,Team SoloMid
United Kingdom,"$184,506.26",2.45%,Team SoloMid
Chile,"$139,501.67",1.86%,Team SoloMid
Mexico,"$134,850.00",1.79%,Team SoloMid
"Korea, Republic of","$87,737.74",1.17%,Team SoloMid
Turkey,"$71,506.25",0.95%,Team SoloMid
Germany,"$56,250.00",0.75%,Team SoloMid
China,"$49,633.35",0.66%,Team SoloMid
Finland,"$41,619.08",0.55%,Team SoloMid
Ireland,"$37,756.25",0.50%,Team SoloMid
Netherlands,"$31,819.96",0.42%,Team SoloMid
Norway,"$23,544.36",0.31%,Team SoloMid
Malaysia,"$20,919.36",0.28%,Team SoloMid
France,"$14,743.75",0.20%,Team SoloMid
New Zealand,"$7,966.67",0.11%,Team SoloMid
"Taiwan, Republic of China","$7,666.67",0.10%,Team SoloMid
Spain,"$6,000.00",0.08%,Team SoloMid
Puerto Rico,"$5,000.00",0.07%,Team SoloMid
Romania,"$3,250.00",0.04%,Team SoloMid
Viet Nam,"$3,025.00",0.04%,Team SoloMid
Austria,"$2,125.00",0.03%,Team SoloMid
Australia,"$1,666.67",0.02%,Team SoloMid
Iraq,"$1,250.00",0.02%,Team SoloMid
United States,"$3,129,415.82",44.29%,Team Envy
France,"$2,141,318.06",30.30%,Team Envy
Canada,"$264,583.85",3.74%,Team Envy
Sweden,"$165,401.16",2.34%,Team Envy
Saudi Arabia,"$137,650.00",1.95%,Team Envy
"Korea, Republic of","$88,808.83",1.26%,Team Envy
Germany,"$73,587.22",1.04%,Team Envy
Belgium,"$56,837.05",0.80%,Team Envy
Puerto Rico,"$56,400.00",0.80%,Team Envy
Finland,"$38,621.49",0.55%,Team Envy
United Kingdom,"$37,836.19",0.54%,Team Envy
Spain,"$36,908.91",0.52%,Team Envy
Netherlands,"$14,895.22",0.21%,Team Envy
Thailand,"$10,035.14",0.14%,Team Envy
Turkey,"$4,000.00",0.06%,Team Envy
Poland,"$4,000.00",0.06%,Team Envy
South Africa,"$3,300.00",0.05%,Team Envy
Serbia,"$3,000.00",0.04%,Team Envy
Norway,"$2,290.39",0.03%,Team Envy
Denmark,$521.50,0.01%,Team Envy
Colombia,$300.00,0.00%,Team Envy
Brazil,"$2,438,174.40",36.44%,SK Gaming
Sweden,"$1,022,234.60",15.28%,SK Gaming
Germany,"$711,735.20",10.64%,SK Gaming
"Korea, Republic of","$503,259.51",7.52%,SK Gaming
Denmark,"$248,718.69",3.72%,SK Gaming
United Kingdom,"$186,740.52",2.79%,SK Gaming
United States,"$169,529.30",2.53%,SK Gaming
France,"$107,086.40",1.60%,SK Gaming
Norway,"$98,224.78",1.47%,SK Gaming
Spain,"$79,519.20",1.19%,SK Gaming
Portugal,"$63,641.03",0.95%,SK Gaming
Austria,"$53,955.69",0.81%,SK Gaming
Bulgaria,"$47,884.18",0.72%,SK Gaming
Russian Federation,"$46,790.43",0.70%,SK Gaming
Italy,"$38,000.00",0.57%,SK Gaming
Ukraine,"$33,201.50",0.50%,SK Gaming
Netherlands,"$15,646.42",0.23%,SK Gaming
Croatia,"$12,706.49",0.19%,SK Gaming
Finland,"$11,044.94",0.17%,SK Gaming
Belgium,"$10,217.78",0.15%,SK Gaming
Poland,"$10,131.74",0.15%,SK Gaming
Canada,"$6,000.00",0.09%,SK Gaming
Slovenia,"$5,244.15",0.08%,SK Gaming
Bosnia and Herzegovina,"$4,148.83",0.06%,SK Gaming
Greece,"$3,000.00",0.04%,SK Gaming
Estonia,"$1,508.74",0.02%,SK Gaming
Israel,"$1,465.46",0.02%,SK Gaming
Czech Republic,$684.86,0.01%,SK Gaming
Switzerland,$626.14,0.01%,SK Gaming
Hungary,$167.22,0.00%,SK Gaming
Latvia,$80.00,0.00%,SK Gaming
Sweden,"$3,379,525.20",52.24%,Ninjas in Pyjamas
Brazil,"$1,640,362.40",25.35%,Ninjas in Pyjamas
Denmark,"$181,846.28",2.81%,Ninjas in Pyjamas
United States,"$181,365.00",2.80%,Ninjas in Pyjamas
Germany,"$131,213.50",2.03%,Ninjas in Pyjamas
"Macedonia, The Former Yugoslav Republic of","$127,465.00",1.97%,Ninjas in Pyjamas
Israel,"$111,465.00",1.72%,Ninjas in Pyjamas
Finland,"$93,967.26",1.45%,Ninjas in Pyjamas
Lithuania,"$47,940.52",0.74%,Ninjas in Pyjamas
Czech Republic,"$41,979.64",0.65%,Ninjas in Pyjamas
United Kingdom,"$28,570.26",0.44%,Ninjas in Pyjamas
Ireland,"$23,970.26",0.37%,Ninjas in Pyjamas
Russian Federation,"$21,680.83",0.34%,Ninjas in Pyjamas
France,"$21,028.48",0.33%,Ninjas in Pyjamas
Norway,"$17,546.25",0.27%,Ninjas in Pyjamas
Slovakia,"$14,300.00",0.22%,Ninjas in Pyjamas
"Korea, Republic of","$10,500.00",0.16%,Ninjas in Pyjamas
Bosnia and Herzegovina,"$10,397.98",0.16%,Ninjas in Pyjamas
Spain,"$8,463.37",0.13%,Ninjas in Pyjamas
Belgium,"$7,511.23",0.12%,Ninjas in Pyjamas
Uzbekistan,"$6,780.00",0.10%,Ninjas in Pyjamas
Estonia,"$5,430.12",0.08%,Ninjas in Pyjamas
Sweden,"$4,926,946.18",82.93%,Alliance
Germany,"$264,765.29",4.46%,Alliance
Norway,"$179,456.63",3.02%,Alliance
Bulgaria,"$139,439.80",2.35%,Alliance
Israel,"$73,000.00",1.23%,Alliance
Belarus,"$62,439.80",1.05%,Alliance
Denmark,"$55,566.67",0.94%,Alliance
Netherlands,"$45,862.57",0.77%,Alliance
United Kingdom,"$38,333.00",0.65%,Alliance
France,"$36,835.24",0.62%,Alliance
Lithuania,"$3,124.33",0.05%,Alliance
Czech Republic,"$1,000.00",0.02%,Alliance
Poland,$500.00,0.01%,Alliance
China,"$3,817,542.10",65.12%,Royal Never Give Up
"Taiwan, Republic of China","$267,223.21",4.56%,Royal Never Give Up
"Korea, Republic of","$242,426.45",4.14%,Royal Never Give Up
Malaysia,"$216,824.06",3.70%,Royal Never Give Up
Hong Kong,"$3,715.00",0.06%,Royal Never Give Up
Macao,"$3,311.10",0.06%,Royal Never Give Up
United States,"$3,500,877.62",60.59%,NRG Esports
Canada,"$578,633.74",10.01%,NRG Esports
Sweden,"$527,129.27",9.12%,NRG Esports
United Kingdom,"$425,770.94",7.37%,NRG Esports
Bulgaria,"$190,683.33",3.30%,NRG Esports
Germany,"$162,080.00",2.80%,NRG Esports
Norway,"$134,979.16",2.34%,NRG Esports
"Korea, Republic of","$27,560.87",0.48%,NRG Esports
Serbia,"$22,330.00",0.39%,NRG Esports
Denmark,"$18,783.33",0.33%,NRG Esports
Portugal,"$12,000.00",0.21%,NRG Esports
Hong Kong,"$8,500.00",0.15%,NRG Esports
Mexico,"$8,000.00",0.14%,NRG Esports
Philippines,"$3,600.00",0.06%,NRG Esports
Netherlands,$350.00,0.01%,NRG Esports
"Korea, Republic of","$5,079,435.33",88.66%,MVP
Australia,"$181,345.72",3.17%,MVP
Singapore,"$166,594.52",2.91%,MVP
Finland,"$17,157.77",0.30%,MVP
Canada,"$4,780.03",0.08%,MVP
Malaysia,"$4,780.03",0.08%,MVP
Kyrgyzstan,"$3,455.60",0.06%,MVP
Germany,"$1,341,329.20",23.70%,mousesports
Netherlands,"$631,710.28",11.16%,mousesports
Estonia,"$527,602.24",9.32%,mousesports
Slovakia,"$453,762.48",8.02%,mousesports
Czech Republic,"$282,603.19",4.99%,mousesports
Finland,"$277,381.27",4.90%,mousesports
Turkey,"$205,408.04",3.63%,mousesports
Poland,"$169,497.01",2.99%,mousesports
Sweden,"$166,273.87",2.94%,mousesports
United Kingdom,"$135,438.61",2.39%,mousesports
Austria,"$107,259.91",1.90%,mousesports
Greece,"$103,300.00",1.83%,mousesports
China,"$93,798.45",1.66%,mousesports
Russian Federation,"$91,167.93",1.61%,mousesports
Spain,"$88,890.54",1.57%,mousesports
Bosnia and Herzegovina,"$78,330.92",1.38%,mousesports
Denmark,"$68,118.46",1.20%,mousesports
"Korea, Republic of","$47,525.17",0.84%,mousesports
Lithuania,"$43,400.00",0.77%,mousesports
United States,"$42,948.68",0.76%,mousesports
Norway,"$37,801.67",0.67%,mousesports
Italy,"$32,642.87",0.58%,mousesports
France,"$27,217.69",0.48%,mousesports
Switzerland,"$19,110.97",0.34%,mousesports
Australia,"$18,633.25",0.33%,mousesports
Ukraine,"$14,709.09",0.26%,mousesports
Serbia,"$11,300.96",0.20%,mousesports
Belarus,"$7,702.27",0.14%,mousesports
Slovenia,"$7,279.46",0.13%,mousesports
Belgium,"$4,900.47",0.09%,mousesports
Romania,"$3,451.32",0.06%,mousesports
Canada,"$3,142.31",0.06%,mousesports
Iceland,$64.87,0.00%,mousesports
"Korea, Republic of","$5,147,206.80",96.90%,Samsung
United States,"$3,853,233.12",74.66%,Counter Logic Gaming
Canada,"$566,518.46",10.98%,Counter Logic Gaming
Denmark,"$108,407.13",2.10%,Counter Logic Gaming
Germany,"$81,522.51",1.58%,Counter Logic Gaming
Philippines,"$74,315.00",1.44%,Counter Logic Gaming
"Korea, Republic of","$69,906.67",1.35%,Counter Logic Gaming
United Kingdom,"$52,419.76",1.02%,Counter Logic Gaming
Belgium,"$51,669.85",1.00%,Counter Logic Gaming
Australia,"$29,713.71",0.58%,Counter Logic Gaming
Sweden,"$10,180.94",0.20%,Counter Logic Gaming
Bulgaria,"$2,120.00",0.04%,Counter Logic Gaming
Croatia,"$1,768.73",0.03%,Counter Logic Gaming
Brazil,"$1,198.34",0.02%,Counter Logic Gaming
Mexico,"$1,000.00",0.02%,Counter Logic Gaming
United Kingdom,"$1,203,320.00",23.89%,Lazarus
Netherlands,"$1,132,186.67",22.48%,Lazarus
Hong Kong,"$1,058,150.00",21.01%,Lazarus
United States,"$951,711.03",18.89%,Lazarus
Canada,"$212,448.23",4.22%,Lazarus
Russian Federation,"$30,000.00",0.60%,Lazarus
Portugal,"$23,400.00",0.46%,Lazarus
Morocco,"$20,400.00",0.40%,Lazarus
Germany,"$19,500.00",0.39%,Lazarus
Australia,"$19,250.00",0.38%,Lazarus
Colombia,"$12,250.00",0.24%,Lazarus
France,"$3,566.67",0.07%,Lazarus
Sweden,"$2,350.00",0.05%,Lazarus
Belgium,"$2,063.02",0.04%,Lazarus
Finland,"$1,500.00",0.03%,Lazarus
Italy,"$1,300.00",0.03%,Lazarus
United States,"$1,084,930.26",21.96%,Chaos Esports Club
Denmark,"$809,655.40",16.39%,Chaos Esports Club
Romania,"$792,490.40",16.04%,Chaos Esports Club
Ukraine,"$784,859.40",15.89%,Chaos Esports Club
"Macedonia, The Former Yugoslav Republic of","$782,990.40",15.85%,Chaos Esports Club
Canada,"$172,842.33",3.50%,Chaos Esports Club
"Korea, Republic of","$164,027.60",3.32%,Chaos Esports Club
Philippines,"$88,263.80",1.79%,Chaos Esports Club
Sweden,"$71,205.83",1.44%,Chaos Esports Club
Brazil,"$28,500.00",0.58%,Chaos Esports Club
Finland,"$19,565.00",0.40%,Chaos Esports Club
Mexico,"$18,600.00",0.38%,Chaos Esports Club
Germany,"$18,102.22",0.37%,Chaos Esports Club
Malaysia,"$17,165.00",0.35%,Chaos Esports Club
Bosnia and Herzegovina,"$17,165.00",0.35%,Chaos Esports Club
Pakistan,"$16,343.40",0.33%,Chaos Esports Club
Czech Republic,"$12,000.00",0.24%,Chaos Esports Club
United Kingdom,"$11,433.33",0.23%,Chaos Esports Club
Russian Federation,"$5,783.33",0.12%,Chaos Esports Club
Viet Nam,$400.00,0.01%,Chaos Esports Club
United States,"$2,173,726.26",46.00%,compLexity Gaming
Denmark,"$360,704.12",7.63%,compLexity Gaming
Sweden,"$359,197.94",7.60%,compLexity Gaming
Canada,"$308,534.14",6.53%,compLexity Gaming
Germany,"$241,421.40",5.11%,compLexity Gaming
Bulgaria,"$150,500.00",3.19%,compLexity Gaming
United Kingdom,"$133,294.03",2.82%,compLexity Gaming
Netherlands,"$79,577.74",1.68%,compLexity Gaming
Australia,"$57,296.14",1.21%,compLexity Gaming
Mexico,"$55,631.07",1.18%,compLexity Gaming
Finland,"$54,736.05",1.16%,compLexity Gaming
France,"$53,510.00",1.13%,compLexity Gaming
"Korea, Republic of","$45,663.79",0.97%,compLexity Gaming
Norway,"$17,902.72",0.38%,compLexity Gaming
Brazil,"$13,500.00",0.29%,compLexity Gaming
Romania,"$12,900.00",0.27%,compLexity Gaming
Singapore,"$11,010.00",0.23%,compLexity Gaming
Malaysia,"$8,510.00",0.18%,compLexity Gaming
Philippines,"$5,000.00",0.11%,compLexity Gaming
Peru,"$4,978.57",0.11%,compLexity Gaming
Israel,"$3,150.00",0.07%,compLexity Gaming
Jordan,$933.33,0.02%,compLexity Gaming
Philippines,"$3,792,150.62",83.63%,TnC Gaming
Australia,"$124,150.00",2.74%,TnC Gaming
United States,"$122,528.06",2.70%,TnC Gaming
"Korea, Republic of","$118,150.00",2.61%,TnC Gaming
Canada,"$116,851.03",2.58%,TnC Gaming
Indonesia,"$5,034.00",0.11%,TnC Gaming
Viet Nam,"$2,517.00",0.06%,TnC Gaming
Malaysia,"$2,517.00",0.06%,TnC Gaming
Russian Federation,"$2,610,721.38",58.06%,Gambit Esports
Kazakhstan,"$1,054,537.85",23.45%,Gambit Esports
Ukraine,"$275,224.27",6.12%,Gambit Esports
Belarus,"$138,883.33",3.09%,Gambit Esports
Estonia,"$64,405.33",1.43%,Gambit Esports
Kyrgyzstan,"$63,600.00",1.41%,Gambit Esports
Armenia,"$58,167.28",1.29%,Gambit Esports
Norway,"$27,736.68",0.62%,Gambit Esports
Latvia,"$14,502.89",0.32%,Gambit Esports
Uzbekistan,"$9,900.00",0.22%,Gambit Esports
Finland,"$7,750.00",0.17%,Gambit Esports
Denmark,"$6,993.88",0.16%,Gambit Esports
United Kingdom,"$4,780.00",0.11%,Gambit Esports
France,"$3,000.00",0.07%,Gambit Esports
Poland,"$2,918.06",0.06%,Gambit Esports
Czech Republic,$728.13,0.02%,Gambit Esports
Sweden,$500.00,0.01%,Gambit Esports
Denmark,"$961,406.83",22.98%,Team Dignitas
United Kingdom,"$587,925.69",14.06%,Team Dignitas
Sweden,"$502,603.36",12.02%,Team Dignitas
France,"$428,685.29",10.25%,Team Dignitas
United States,"$388,505.37",9.29%,Team Dignitas
Netherlands,"$260,643.02",6.23%,Team Dignitas
Norway,"$172,683.71",4.13%,Team Dignitas
Canada,"$117,271.60",2.80%,Team Dignitas
Austria,"$97,529.21",2.33%,Team Dignitas
"Korea, Republic of","$71,895.36",1.72%,Team Dignitas
Poland,"$67,876.38",1.62%,Team Dignitas
Belgium,"$63,090.86",1.51%,Team Dignitas
Chile,"$30,429.04",0.73%,Team Dignitas
Slovenia,"$29,011.11",0.69%,Team Dignitas
Venezuela,"$16,897.65",0.40%,Team Dignitas
Spain,"$4,435.20",0.11%,Team Dignitas
Italy,"$4,209.16",0.10%,Team Dignitas
Brazil,"$4,200.00",0.10%,Team Dignitas
Germany,"$4,083.65",0.10%,Team Dignitas
Finland,"$2,718.13",0.06%,Team Dignitas
Estonia,"$1,300.43",0.03%,Team Dignitas
Israel,"$1,300.43",0.03%,Team Dignitas
China,"$1,116.06",0.03%,Team Dignitas
Portugal,"$1,000.00",0.02%,Team Dignitas
Lithuania,$717.60,0.02%,Team Dignitas
Mexico,$666.67,0.02%,Team Dignitas
Romania,$596.85,0.01%,Team Dignitas
Ireland,$320.60,0.01%,Team Dignitas
Hungary,$95.58,0.00%,Team Dignitas
China,"$3,373,832.54",81.68%,EHOME
Macao,"$255,858.42",6.19%,EHOME
Singapore,"$192,234.20",4.65%,EHOME
Malaysia,"$79,570.85",1.93%,EHOME
"Taiwan, Republic of China","$7,001.21",0.17%,EHOME
France,"$3,057,850.85",74.50%,Vitality
United Kingdom,"$385,584.15",9.39%,Vitality
Belgium,"$160,089.61",3.90%,Vitality
Poland,"$81,271.94",1.98%,Vitality
Germany,"$60,804.09",1.48%,Vitality
Portugal,"$43,878.28",1.07%,Vitality
Italy,"$43,878.28",1.07%,Vitality
"Korea, Republic of","$10,414.72",0.25%,Vitality
Finland,"$8,850.25",0.22%,Vitality
Switzerland,"$8,024.31",0.20%,Vitality
Greece,"$5,818.72",0.14%,Vitality
Hungary,"$5,818.72",0.14%,Vitality
Austria,"$5,200.00",0.13%,Vitality
Spain,"$4,554.19",0.11%,Vitality
Sweden,"$4,041.79",0.10%,Vitality
Lithuania,"$2,770.23",0.07%,Vitality
Serbia,"$2,255.06",0.05%,Vitality
Tunisia,"$1,322.46",0.03%,Vitality
Luxembourg,"$1,300.00",0.03%,Vitality
United States,"$3,767,451.03",95.13%,Sentinels
Canada,"$190,174.70",4.80%,Sentinels
United Kingdom,"$2,850.00",0.07%,Sentinels
United States,"$2,939,830.34",77.56%,100 Thieves
United Kingdom,"$271,229.95",7.16%,100 Thieves
Australia,"$118,300.00",3.12%,100 Thieves
Norway,"$108,400.00",2.86%,100 Thieves
"Korea, Republic of","$93,716.66",2.47%,100 Thieves
Canada,"$62,394.04",1.65%,100 Thieves
New Zealand,"$38,100.00",1.01%,100 Thieves
China,"$14,333.33",0.38%,100 Thieves
Turkey,"$7,000.00",0.18%,100 Thieves
Philippines,"$3,535.71",0.09%,100 Thieves
United States,"$1,849,841.28",49.09%,Luminosity Gaming
Brazil,"$1,399,406.50",37.13%,Luminosity Gaming
United Kingdom,"$90,068.54",2.39%,Luminosity Gaming
Canada,"$72,503.34",1.92%,Luminosity Gaming
Hong Kong,"$51,625.00",1.37%,Luminosity Gaming
Norway,"$43,000.00",1.14%,Luminosity Gaming
Russian Federation,"$21,071.66",0.56%,Luminosity Gaming
Sweden,"$16,060.76",0.43%,Luminosity Gaming
Ukraine,"$12,021.67",0.32%,Luminosity Gaming
Germany,"$10,749.84",0.29%,Luminosity Gaming
Czech Republic,"$8,145.35",0.22%,Luminosity Gaming
Panama,"$7,425.00",0.20%,Luminosity Gaming
Japan,"$7,033.25",0.19%,Luminosity Gaming
"Korea, Republic of","$5,500.00",0.15%,Luminosity Gaming
France,"$5,333.32",0.14%,Luminosity Gaming
Finland,"$3,831.36",0.10%,Luminosity Gaming
Belgium,"$2,666.66",0.07%,Luminosity Gaming
Australia,"$2,400.00",0.06%,Luminosity Gaming
Viet Nam,"$1,500.00",0.04%,Luminosity Gaming
China,"$3,535,704.70",94.68%,CDEC Gaming
China,"$589,788.11",16.61%,eStar Gaming
China,"$2,095,461.29",60.08%,EDward Gaming
"Korea, Republic of","$798,653.86",22.90%,EDward Gaming
Hong Kong,"$34,052.39",0.98%,EDward Gaming
"Taiwan, Republic of China","$10,172.17",0.29%,EDward Gaming
United States,"$2,997,739.53",88.39%,eUnited
Ukraine,"$123,800.00",3.65%,eUnited
Canada,"$89,094.99",2.63%,eUnited
Mexico,"$36,183.33",1.07%,eUnited
United Kingdom,"$13,125.00",0.39%,eUnited
Russian Federation,"$7,500.00",0.22%,eUnited
Netherlands,"$6,875.00",0.20%,eUnited
Estonia,"$6,875.00",0.20%,eUnited
Latvia,"$6,875.00",0.20%,eUnited
Denmark,"$4,500.00",0.13%,eUnited
France,"$3,200.00",0.09%,eUnited
"Korea, Republic of","$2,800.00",0.08%,eUnited
Sweden,"$1,400.00",0.04%,eUnited
Germany,"$1,400.00",0.04%,eUnited
Puerto Rico,"$1,000.00",0.03%,eUnited
Russian Federation,"$1,900,606.25",56.43%,Team Empire
Ukraine,"$919,437.23",27.30%,Team Empire
Estonia,"$153,062.14",4.54%,Team Empire
"Korea, Republic of","$32,189.32",0.96%,Team Empire
Belarus,"$29,661.58",0.88%,Team Empire
Poland,"$7,888.43",0.23%,Team Empire
Serbia,"$6,085.06",0.18%,Team Empire
Kyrgyzstan,"$5,990.00",0.18%,Team Empire
Kazakhstan,"$5,298.78",0.16%,Team Empire
Uzbekistan,"$2,500.00",0.07%,Team Empire
Sweden,"$1,492.38",0.04%,Team Empire
Finland,$265.03,0.01%,Team Empire
Greece,$189.97,0.01%,Team Empire
Armenia,$131.58,0.00%,Team Empire
"Moldova, Republic of",$68.10,0.00%,Team Empire
Austria,"$1,654,000.00",49.73%,Cooler Esport
Norway,"$1,501,800.00",45.15%,Cooler Esport
Belgium,"$70,066.04",2.11%,Cooler Esport
Switzerland,"$66,300.00",1.99%,Cooler Esport
Sweden,"$15,848.22",0.48%,Cooler Esport
France,"$8,500.00",0.26%,Cooler Esport
United Kingdom,"$6,380.00",0.19%,Cooler Esport
Denmark,"$3,190.00",0.10%,Cooler Esport
United States,"$1,126,514.21",34.07%,Splyce
United Kingdom,"$723,406.54",21.88%,Splyce
"Korea, Republic of","$672,400.74",20.34%,Splyce
Ireland,"$172,950.00",5.23%,Splyce
Denmark,"$129,019.79",3.90%,Splyce
Germany,"$80,000.00",2.42%,Splyce
Romania,"$53,431.48",1.62%,Splyce
Canada,"$52,557.12",1.59%,Splyce
Italy,"$40,000.00",1.21%,Splyce
Mexico,"$35,600.00",1.08%,Splyce
Norway,"$27,571.60",0.83%,Splyce
Czech Republic,"$26,068.40",0.79%,Splyce
Hungary,"$24,565.20",0.74%,Splyce
Saudi Arabia,"$23,125.00",0.70%,Splyce
Slovenia,"$22,236.12",0.67%,Splyce
Belgium,"$13,681.54",0.41%,Splyce
Puerto Rico,"$7,540.00",0.23%,Splyce
Mongolia,"$6,328.57",0.19%,Splyce
Netherlands,"$3,088.57",0.09%,Splyce
Chile,"$1,503.20",0.05%,Splyce
France,"$1,503.20",0.05%,Splyce
Sweden,$950.00,0.03%,Splyce
Finland,$60.00,0.00%,Splyce
United States,"$3,118,300.00",99.53%,Atlanta Faze
Spain,"$6,100.00",0.19%,Atlanta Faze
Canada,"$6,100.00",0.19%,Atlanta Faze
"Korea, Republic of","$1,998,888.86",64.17%,San Francisco Shock
United States,"$801,111.11",25.72%,San Francisco Shock
Sweden,"$156,666.67",5.03%,San Francisco Shock
Japan,"$150,000.00",4.82%,San Francisco Shock
Spain,"$4,166.67",0.13%,San Francisco Shock
Mexico,"$4,166.67",0.13%,San Francisco Shock
China,"$1,244,315.52",41.79%,Nova eSports
"Taiwan, Republic of China","$766,404.94",25.74%,Nova eSports
Mexico,"$170,358.25",5.72%,Nova eSports
Spain,"$73,562.50",2.47%,Nova eSports
Viet Nam,"$51,764.01",1.74%,Nova eSports
Hong Kong,"$16,770.72",0.56%,Nova eSports
Argentina,"$7,687.50",0.26%,Nova eSports
Thailand,"$2,700.00",0.09%,Nova eSports
"Korea, Republic of","$1,800.00",0.06%,Nova eSports
"Korea, Republic of","$2,793,456.66",95.23%,KT Rolster
"Korea, Republic of","$2,727,238.88",98.50%,Jin Air Green Wings
"Taiwan, Republic of China","$7,553.11",0.27%,Jin Air Green Wings
China,"$1,646,876.19",64.00%,World Elite
"Korea, Republic of","$601,276.36",23.36%,World Elite
Hong Kong,"$1,200.00",0.05%,World Elite
Finland,"$2,395,380.38",96.55%,ENCE eSports
Poland,"$28,225.00",1.14%,ENCE eSports
Israel,"$20,825.00",0.84%,ENCE eSports
Denmark,"$20,825.00",0.84%,ENCE eSports
Belgium,"$2,200.00",0.09%,ENCE eSports
Hungary,"$1,950.00",0.08%,ENCE eSports
United States,"$1,242,257.94",50.17%,Ghost Gaming
Canada,"$285,174.45",11.52%,Ghost Gaming
Switzerland,"$102,654.51",4.15%,Ghost Gaming
Denmark,"$80,290.00",3.24%,Ghost Gaming
Germany,"$79,855.44",3.23%,Ghost Gaming
Philippines,"$47,500.00",1.92%,Ghost Gaming
United Kingdom,"$22,500.00",0.91%,Ghost Gaming
Ukraine,"$20,000.00",0.81%,Ghost Gaming
Australia,"$16,158.20",0.65%,Ghost Gaming
Puerto Rico,"$3,333.33",0.13%,Ghost Gaming
United States,"$1,878,642.01",76.52%,Spacestation Gaming
Canada,"$317,413.36",12.93%,Spacestation Gaming
Brazil,"$83,530.06",3.40%,Spacestation Gaming
Mexico,"$21,203.94",0.86%,Spacestation Gaming
United Kingdom,"$16,400.00",0.67%,Spacestation Gaming
Belarus,"$7,500.00",0.31%,Spacestation Gaming
Hong Kong,"$4,496.25",0.18%,Spacestation Gaming
France,"$2,000.00",0.08%,Spacestation Gaming
"Korea, Republic of","$2,000.00",0.08%,Spacestation Gaming
Georgia,"$2,000.00",0.08%,Spacestation Gaming
Australia,$625.00,0.03%,Spacestation Gaming
"Taiwan, Republic of China","$1,869,851.32",76.63%,Flash Wolves
"Korea, Republic of","$295,222.13",12.10%,Flash Wolves
Malaysia,"$672,809.30",27.63%,Mineski
United States,"$400,125.00",16.43%,Mineski
Philippines,"$358,831.27",14.74%,Mineski
Singapore,"$235,696.60",9.68%,Mineski
Thailand,"$231,396.60",9.50%,Mineski
Australia,"$175,214.25",7.20%,Mineski
Bulgaria,"$137,320.40",5.64%,Mineski
"Korea, Republic of","$23,666.89",0.97%,Mineski
Sweden,"$6,016.75",0.25%,Mineski
Adou,"Jiang, Tao","$484,965.73",Turnso Gaming
NuanYang,"Lin, Heng","$484,965.73",Turnso Gaming
QianShi,"Zhou, Kuan","$484,965.73",Turnso Gaming
ShenRen,"Ma, Tengfei","$484,965.73",Turnso Gaming
ShiJiu,"Chen, Runzhi","$484,965.73",Turnso Gaming
United States,"$1,501,000.00",62.04%,Dallas Empire
Canada,"$514,000.00",21.25%,Dallas Empire
Saudi Arabia,"$395,250.00",16.34%,Dallas Empire
United Kingdom,"$6,500.00",0.27%,Dallas Empire
China,"$2,164,937.48",89.55%,Four Angry Men
United States,"$1,196,227.21",49.49%,Tempo Storm
Canada,"$209,135.50",8.65%,Tempo Storm
Brazil,"$133,614.17",5.53%,Tempo Storm
Germany,"$122,955.79",5.09%,Tempo Storm
"Korea, Republic of","$95,213.87",3.94%,Tempo Storm
Austria,"$42,582.50",1.76%,Tempo Storm
Cuba,"$33,500.00",1.39%,Tempo Storm
China,"$15,325.00",0.63%,Tempo Storm
Finland,"$15,300.00",0.63%,Tempo Storm
United Kingdom,"$7,800.00",0.32%,Tempo Storm
Bosnia and Herzegovina,"$3,500.00",0.14%,Tempo Storm
Sweden,"$3,469.92",0.14%,Tempo Storm
Australia,"$1,602.85",0.07%,Tempo Storm
Venezuela,"$1,466.67",0.06%,Tempo Storm
Czech Republic,"$1,466.67",0.06%,Tempo Storm
Italy,$800.00,0.03%,Tempo Storm
Norway,$800.00,0.03%,Tempo Storm
Poland,$666.67,0.03%,Tempo Storm
Chile,$526.13,0.02%,Tempo Storm
French Polynesia,$179.17,0.01%,Tempo Storm
France,$150.00,0.01%,Tempo Storm
Brazil,"$1,825,594.53",82.24%,MIBR
United States,"$230,700.00",10.39%,MIBR
Argentina,"$57,100.00",2.57%,MIBR
Norway,$551.74,0.02%,MIBR
United States,"$825,672.11",37.83%,Rogue
Saudi Arabia,"$419,750.00",19.23%,Rogue
France,"$230,609.07",10.57%,Rogue
Germany,"$142,053.02",6.51%,Rogue
Sweden,"$109,122.80",5.00%,Rogue
Canada,"$106,447.27",4.88%,Rogue
Poland,"$82,198.25",3.77%,Rogue
Denmark,"$44,627.87",2.04%,Rogue
Belgium,"$22,000.00",1.01%,Rogue
Bulgaria,"$17,800.82",0.82%,Rogue
United Kingdom,"$14,386.71",0.66%,Rogue
Estonia,"$14,364.93",0.66%,Rogue
Romania,"$11,901.00",0.55%,Rogue
Australia,"$11,600.00",0.53%,Rogue
Mexico,"$5,950.00",0.27%,Rogue
"Korea, Republic of","$3,624.44",0.17%,Rogue
Switzerland,$451.06,0.02%,Rogue
United States,"$1,714,665.77",84.63%,COGnitive Gaming
Canada,"$281,133.40",13.88%,COGnitive Gaming
Germany,"$6,000.00",0.30%,COGnitive Gaming
China,"$1,600.00",0.08%,COGnitive Gaming
China,"$1,029,084.52",54.92%,Team DK
Malaysia,"$254,634.95",13.59%,Team DK
Singapore,"$254,634.95",13.59%,Team DK
"Korea, Republic of","$127,944.55",6.83%,Team DK
France,"$673,669.12",36.88%,Millenium
Russian Federation,"$263,690.51",14.44%,Millenium
Belgium,"$182,146.98",9.97%,Millenium
United Kingdom,"$159,799.69",8.75%,Millenium
"Korea, Republic of","$146,299.58",8.01%,Millenium
Germany,"$102,106.62",5.59%,Millenium
Ireland,"$40,723.81",2.23%,Millenium
Netherlands,"$25,531.54",1.40%,Millenium
Poland,"$24,386.35",1.33%,Millenium
Greece,"$20,865.42",1.14%,Millenium
Sweden,"$20,177.41",1.10%,Millenium
Spain,"$14,065.27",0.77%,Millenium
Turkey,"$10,356.10",0.57%,Millenium
United States,"$10,069.90",0.55%,Millenium
Slovakia,"$8,662.94",0.47%,Millenium
Denmark,"$8,411.47",0.46%,Millenium
Austria,"$8,236.84",0.45%,Millenium
Canada,"$4,050.00",0.22%,Millenium
Finland,"$3,731.23",0.20%,Millenium
Lithuania,"$2,544.56",0.14%,Millenium
Norway,"$1,899.74",0.10%,Millenium
Czech Republic,$852.20,0.05%,Millenium
Portugal,$750.34,0.04%,Millenium
Serbia,$683.03,0.04%,Millenium
Croatia,$648.80,0.04%,Millenium
China,"$743,710.37",41.68%,OMG
Sweden,"$613,047.39",34.92%,Epsilon eSports
United Kingdom,"$486,502.56",27.71%,Epsilon eSports
Germany,"$124,614.00",7.10%,Epsilon eSports
France,"$41,529.02",2.37%,Epsilon eSports
United States,"$22,402.00",1.28%,Epsilon eSports
Netherlands,"$18,553.56",1.06%,Epsilon eSports
Latvia,"$16,066.26",0.92%,Epsilon eSports
Denmark,"$15,981.84",0.91%,Epsilon eSports
Spain,"$13,090.10",0.75%,Epsilon eSports
Romania,"$12,901.87",0.73%,Epsilon eSports
Bulgaria,"$9,466.26",0.54%,Epsilon eSports
Belgium,"$7,773.05",0.44%,Epsilon eSports
Poland,"$7,612.76",0.43%,Epsilon eSports
Canada,"$6,826.00",0.39%,Epsilon eSports
Russian Federation,"$4,000.00",0.23%,Epsilon eSports
Greece,"$1,572.48",0.09%,Epsilon eSports
Croatia,$850.08,0.05%,Epsilon eSports
Slovenia,$850.08,0.05%,Epsilon eSports
Austria,$444.21,0.03%,Epsilon eSports
Ireland,$250.00,0.01%,Epsilon eSports
United States,"$1,320,972.40",75.54%,Susquehanna Soniqs
Australia,"$385,772.25",22.06%,Susquehanna Soniqs
Philippines,"$13,147.19",0.75%,Susquehanna Soniqs
Belgium,"$6,400.00",0.37%,Susquehanna Soniqs
Finland,"$6,400.00",0.37%,Susquehanna Soniqs
Canada,"$5,350.00",0.31%,Susquehanna Soniqs
United Kingdom,$250.00,0.01%,Susquehanna Soniqs
United States,"$884,959.65",50.71%,Echo Fox
Japan,"$378,648.00",21.70%,Echo Fox
Mexico,"$191,968.87",11.00%,Echo Fox
"Korea, Republic of","$110,635.43",6.34%,Echo Fox
Czech Republic,"$40,086.60",2.30%,Echo Fox
Puerto Rico,"$17,300.00",0.99%,Echo Fox
United Kingdom,"$13,362.20",0.77%,Echo Fox
Canada,"$10,619.04",0.61%,Echo Fox
New Zealand,"$2,600.00",0.15%,Echo Fox
Australia,"$1,200.00",0.07%,Echo Fox
Australia,"$937,976.63",54.16%,Renegades
United States,"$314,100.36",18.14%,Renegades
New Zealand,"$133,636.09",7.72%,Renegades
Norway,"$77,733.33",4.49%,Renegades
Canada,"$53,797.63",3.11%,Renegades
United Kingdom,"$14,710.13",0.85%,Renegades
Serbia,"$12,850.00",0.74%,Renegades
Denmark,"$8,000.00",0.46%,Renegades
Venezuela,"$3,666.67",0.21%,Renegades
Russian Federation,"$3,666.67",0.21%,Renegades
Ukraine,"$3,666.67",0.21%,Renegades
France,"$2,473.70",0.14%,Renegades
Finland,"$2,473.70",0.14%,Renegades
Afghanistan,"$1,666.67",0.10%,Renegades
China,"$1,227,860.08",71.65%,TyLoo
Indonesia,"$195,656.09",11.42%,TyLoo
Hong Kong,"$35,643.46",2.08%,TyLoo
"Korea, Republic of","$1,100.00",0.06%,TyLoo
Russian Federation,$753.65,0.04%,TyLoo
Ukraine,"$332,165.43",19.47%,HellRaisers
Russian Federation,"$225,742.45",13.24%,HellRaisers
Hungary,"$105,047.40",6.16%,HellRaisers
Jordan,"$86,909.08",5.10%,HellRaisers
Slovakia,"$81,401.44",4.77%,HellRaisers
Turkey,"$80,347.40",4.71%,HellRaisers
Kazakhstan,"$59,823.22",3.51%,HellRaisers
Czech Republic,"$38,563.12",2.26%,HellRaisers
Bosnia and Herzegovina,"$18,356.00",1.08%,HellRaisers
Belarus,"$18,356.00",1.08%,HellRaisers
Israel,"$18,356.00",1.08%,HellRaisers
Greece,"$18,356.00",1.08%,HellRaisers
Estonia,"$16,400.00",0.96%,HellRaisers
Lithuania,"$15,914.77",0.93%,HellRaisers
Serbia,"$12,344.00",0.72%,HellRaisers
Latvia,"$9,413.09",0.55%,HellRaisers
Netherlands,"$7,012.00",0.41%,HellRaisers
Spain,"$6,501.68",0.38%,HellRaisers
Germany,"$1,256,340.33",74.18%,BIG
Turkey,"$182,808.32",10.79%,BIG
United Kingdom,"$45,200.00",2.67%,BIG
Serbia,"$38,585.61",2.28%,BIG
Finland,"$34,832.49",2.06%,BIG
Greece,"$23,170.20",1.37%,BIG
Czech Republic,"$22,247.83",1.31%,BIG
France,"$18,108.22",1.07%,BIG
Austria,"$13,673.41",0.81%,BIG
Estonia,"$8,832.66",0.52%,BIG
Netherlands,"$5,585.77",0.33%,BIG
Poland,"$4,705.40",0.28%,BIG
Sweden,$629.44,0.04%,BIG
China,"$843,270.33",50.64%,FunPlus Phoenix
"Korea, Republic of","$536,375.01",32.21%,FunPlus Phoenix
Sweden,"$43,773.45",2.63%,FunPlus Phoenix
Ukraine,"$18,753.61",1.13%,FunPlus Phoenix
Russian Federation,"$18,753.61",1.13%,FunPlus Phoenix
Montenegro,"$17,000.00",1.02%,FunPlus Phoenix
Finland,"$17,000.00",1.02%,FunPlus Phoenix
Denmark,"$17,000.00",1.02%,FunPlus Phoenix
Slovakia,"$17,000.00",1.02%,FunPlus Phoenix
Kazakhstan,"$12,487.38",0.75%,FunPlus Phoenix
Serbia,"$1,000.00",0.06%,FunPlus Phoenix
"Korea, Republic of","$1,424,999.95",87.36%,London Spitfire
"Korea, Republic of","$1,475,000.05",92.91%,New York Excelsior
China,"$1,138,319.76",72.62%,Top Esports
"Taiwan, Republic of China","$153,074.86",9.77%,Top Esports
"Korea, Republic of","$44,667.57",2.85%,Top Esports
Russian Federation,"$1,029,254.30",66.63%,Team Spirit
Ukraine,"$282,917.53",18.31%,Team Spirit
Belarus,"$60,652.75",3.93%,Team Spirit
Denmark,"$39,572.30",2.56%,Team Spirit
Germany,"$8,481.15",0.55%,Team Spirit
Slovakia,"$8,481.15",0.55%,Team Spirit
"Taiwan, Republic of China","$1,296,123.14",84.74%,Taipei Assassins
Hong Kong,"$214,979.72",14.05%,Taipei Assassins
"Korea, Republic of","$6,641.31",0.43%,Taipei Assassins
Singapore,"$6,641.31",0.43%,Taipei Assassins
"Taiwan, Republic of China","$1,079,615.55",70.79%,ahq e-Sports Club
Singapore,"$43,230.48",2.83%,ahq e-Sports Club
China,"$23,321.52",1.53%,ahq e-Sports Club
Macao,"$11,845.00",0.78%,ahq e-Sports Club
"Korea, Republic of","$1,600.00",0.10%,ahq e-Sports Club
"Korea, Republic of","$1,396,377.00",91.72%,Afreeca Freecs
United Kingdom,"$1,000,500.00",65.96%,Toronto Ultra
Denmark,"$357,000.00",23.54%,Toronto Ultra
Canada,"$6,733.34",0.44%,Toronto Ultra
"Korea, Republic of","$1,484,016.47",98.77%,CJ Entus
United States,"$15,918.58",1.06%,CJ Entus
United States,"$358,503.68",23.98%,Team Reciprocity
"Korea, Republic of","$166,286.05",11.12%,Team Reciprocity
Canada,"$68,600.00",4.59%,Team Reciprocity
France,"$62,440.24",4.18%,Team Reciprocity
Denmark,"$28,309.53",1.89%,Team Reciprocity
United Kingdom,"$4,621.18",0.31%,Team Reciprocity
Gibraltar,"$3,454.51",0.23%,Team Reciprocity
Sweden,"$3,454.51",0.23%,Team Reciprocity
Germany,"$1,166.67",0.08%,Team Reciprocity
Germany,"$1,001,705.35",67.34%,ALTERNATE aTTaX
Finland,"$89,595.00",6.02%,ALTERNATE aTTaX
"Korea, Republic of","$89,435.00",6.01%,ALTERNATE aTTaX
France,"$78,185.00",5.26%,ALTERNATE aTTaX
Poland,"$48,059.30",3.23%,ALTERNATE aTTaX
Denmark,"$24,660.91",1.66%,ALTERNATE aTTaX
Italy,"$6,883.37",0.46%,ALTERNATE aTTaX
Sweden,"$5,307.27",0.36%,ALTERNATE aTTaX
Turkey,"$3,767.88",0.25%,ALTERNATE aTTaX
Netherlands,"$2,918.56",0.20%,ALTERNATE aTTaX
Switzerland,"$2,877.44",0.19%,ALTERNATE aTTaX
Spain,"$2,790.11",0.19%,ALTERNATE aTTaX
Austria,$806.59,0.05%,ALTERNATE aTTaX
Greece,$725.62,0.05%,ALTERNATE aTTaX
Norway,$204.98,0.01%,ALTERNATE aTTaX
Estonia,$204.98,0.01%,ALTERNATE aTTaX
Belgium,$50.00,0.00%,ALTERNATE aTTaX
United States,"$875,053.62",58.93%,Rise Nation
Dominican Republic,"$259,182.50",17.46%,Rise Nation
Canada,"$143,225.00",9.65%,Rise Nation
Poland,"$3,300.00",0.22%,Rise Nation
Greece,"$3,000.00",0.20%,Rise Nation
Viet Nam,$771.32,0.05%,Rise Nation
China,"$130,519.83",8.87%,Qiao Gu Reapers
"Korea, Republic of","$68,893.53",4.68%,Qiao Gu Reapers
Brazil,"$1,332,847.46",92.15%,FURIA Esports
United States,"$19,800.00",1.37%,FURIA Esports
Argentina,"$4,975.27",0.34%,FURIA Esports
Denmark,"$1,252,960.16",87.31%,Heroic
Sweden,"$156,734.64",10.92%,Heroic
Norway,"$9,200.00",0.64%,Heroic
France,"$1,257,453.11",87.73%,LeStream Esport
Switzerland,"$135,369.95",9.44%,LeStream Esport
Germany,"$15,689.90",1.09%,LeStream Esport
Belgium,"$12,689.90",0.89%,LeStream Esport
Finland,"$9,689.90",0.68%,LeStream Esport
Peru,"$1,094,313.54",76.45%,Infamous
Bolivia,"$197,943.47",13.83%,Infamous
Argentina,"$61,735.67",4.31%,Infamous
Slovakia,"$2,000.00",0.14%,Infamous
Denmark,"$2,000.00",0.14%,Infamous
Ecuador,"$1,720.00",0.12%,Infamous
"Korea, Republic of","$1,183,464.43",88.50%,ROX Gaming
Denmark,"$1,211,212.85",91.74%,North
Germany,"$20,246.67",1.53%,North
Croatia,"$20,246.67",1.53%,North
Norway,"$7,000.00",0.53%,North
Sweden,"$3,550.00",0.27%,North
"Korea, Republic of","$1,196,113.94",91.11%,Incredible Miracle
Peru,"$11,457.26",0.87%,Incredible Miracle
China,"$1,203,292.72",93.77%,Keen Gaming
United States,"$377,397.12",29.52%,Misfits
France,"$192,361.76",15.04%,Misfits
United Kingdom,"$134,145.07",10.49%,Misfits
Germany,"$112,964.15",8.84%,Misfits
Norway,"$73,206.77",5.73%,Misfits
"Korea, Republic of","$71,451.31",5.59%,Misfits
Sweden,"$70,112.50",5.48%,Misfits
Poland,"$33,687.33",2.63%,Misfits
Netherlands,"$31,521.11",2.47%,Misfits
Czech Republic,"$22,184.58",1.74%,Misfits
Denmark,"$15,924.60",1.25%,Misfits
Finland,"$13,837.29",1.08%,Misfits
Belgium,"$11,506.88",0.90%,Misfits
Slovakia,"$11,337.29",0.89%,Misfits
Romania,"$9,006.88",0.70%,Misfits
Bulgaria,"$8,000.00",0.63%,Misfits
Russian Federation,"$5,000.00",0.39%,Misfits
Slovenia,"$3,894.90",0.30%,Misfits
Spain,"$1,635.00",0.13%,Misfits
Canada,"$1,000.00",0.08%,Misfits
